Property,TP,FP,FN,TN,Precision,Recall,F1,IoU,FP_pct,Denom
P1,1,408,5,3189,0.002445,0.166667,0.004819,0.002415,0.113239,3603
P2,4,2149,14,1436,0.001858,0.222222,0.003685,0.001846,0.596447,3603
P3,11,259,1,3332,0.040741,0.916667,0.078014,0.04059,0.071885,3603
P4,22,12,14,3555,0.647059,0.611111,0.628571,0.458333,0.003331,3603
Total,38,2828,34,11512,0.013259,0.527778,0.025868,0.013103,0.196225,14412
