Property,TP,FP,FN,TN,Precision,Recall,F1,IoU
P1,1,408,5,3189,0.002445,0.166667,0.004819,0.002415
P2,4,2291,14,1294,0.001743,0.222222,0.003459,0.001732
P3,11,817,1,2774,0.013285,0.916667,0.02619,0.013269
P4,22,12,14,3555,0.647059,0.611111,0.628571,0.458333
Total,38,3528,34,10812,0.010656,0.527778,0.020891,0.010556
