Property,TP,FP,FN,TN,Precision,Recall,F1,IoU
P1,1,408,5,3189,0.002445,0.166667,0.004819,0.002415
P2,1,972,17,2613,0.001028,0.055556,0.002018,0.00101
P3,11,259,1,3332,0.040741,0.916667,0.078014,0.04059
P4,22,12,14,3555,0.647059,0.611111,0.628571,0.458333
Total,35,1651,37,12689,0.020759,0.486111,0.039818,0.020313
