Property,TP,FP,FN,TN,Precision,Recall,F1,IoU
P1,2,446,4,3151,0.004464,0.333333,0.008811,0.004425
P2,6,1676,12,1909,0.003567,0.333333,0.007059,0.003542
P3,8,354,4,3237,0.022099,0.666667,0.042781,0.021858
P4,21,6,15,3561,0.777778,0.583333,0.666667,0.5
Total,37,2482,35,11858,0.014688,0.513889,0.02856,0.014487
