Property,TP,FP,FN,TN,Precision,Recall,F1,IoU
P1,2,446,4,3151,0.004464,0.333333,0.008811,0.004425
P2,6,1797,12,1788,0.003328,0.333333,0.00659,0.003306
P3,12,646,0,2945,0.018237,1.0,0.035821,0.018237
P4,21,6,15,3561,0.777778,0.583333,0.666667,0.5
Total,41,2895,31,11445,0.013965,0.569444,0.027261,0.013819
