Property,TP,FP,FN,TN,Precision,Recall,F1,IoU,FP_pct,Denom
P1,2,446,4,3151,0.004464,0.333333,0.008811,0.004425,0.123786,3603
P2,3,1433,15,2152,0.002089,0.166667,0.004127,0.002068,0.397724,3603
P3,8,206,4,3385,0.037383,0.666667,0.070796,0.036697,0.057175,3603
P4,21,6,15,3561,0.777778,0.583333,0.666667,0.5,0.001665,3603
Total,34,2091,38,12249,0.016,0.472222,0.030951,0.015719,0.145087,14412
