Property,TP,FP,FN,TN,Precision,Recall,F1,IoU
P1,2,446,4,3151,0.004464,0.333333,0.008811,0.004425
P2,3,722,15,2863,0.004138,0.166667,0.008075,0.004054
P3,8,206,4,3385,0.037383,0.666667,0.070796,0.036697
P4,21,6,15,3561,0.777778,0.583333,0.666667,0.5
Total,34,1380,38,12960,0.024045,0.472222,0.04576,0.023416
