Property,TP,FP,FN,TN,Precision,Recall,F1,IoU
P1,2,446,4,3151,0.004464,0.333333,0.008811,0.004425
P2,6,1917,12,1668,0.00312,0.333333,0.006182,0.003101
P3,12,942,0,2649,0.012579,1.0,0.024845,0.012579
P4,31,533,5,3034,0.054965,0.861111,0.103333,0.054482
Total,51,3838,21,10502,0.013114,0.708333,0.025751,0.013043
