Property,TP,FP,FN,TN,Precision,Recall,F1,IoU
P1,2,446,4,3151,0.004464,0.333333,0.008811,0.004425
P2,3,1407,15,2178,0.002128,0.166667,0.004202,0.002105
P3,8,354,4,3237,0.022099,0.666667,0.042781,0.021858
P4,21,6,15,3561,0.777778,0.583333,0.666667,0.5
Total,34,2213,38,12127,0.015131,0.472222,0.029323,0.01488
