Property,TP,FP,FN,TN,Precision,Recall,F1,IoU
P1,2,327,4,3270,0.0061,0.3333,0.0119,0.006
P2,0,594,18,2991,0.0,0.0,0.0,0.0
P3,8,82,4,3509,0.0889,0.6667,0.1569,0.0851
P4,28,24,8,3543,0.5385,0.7778,0.6364,0.4667
Total,38,1027,34,13313,0.035681,0.527778,0.066843,0.034577
