Property,TP,FP,FN,TN,Precision,Recall,F1,IoU
P1,2,327,4,3270,0.006079,0.333333,0.01194,0.006006
P2,0,594,18,2991,0.0,0.0,0.0,0.0
P3,9,22,3,3569,0.290323,0.75,0.418605,0.264706
P4,28,8,8,3559,0.777778,0.777778,0.777778,0.636364
Total,39,951,33,13389,0.039394,0.541667,0.073446,0.038123
