Property,TP,FP,FN,TN,Precision,Recall,F1,IoU
P1,0,343,6,3254,0.0,0.0,0.0,0.0
P2,1,721,17,2864,0.001385,0.055556,0.002703,0.001353
P3,11,353,1,3238,0.03022,0.916667,0.058511,0.030137
P4,25,20,11,3547,0.555556,0.694444,0.617284,0.446429
Total,37,1437,35,12903,0.025102,0.513889,0.047865,0.02452
