Property,TP,FP,FN,TN,Precision,Recall,F1,IoU
P1,0,354,6,3243,0.0,0.0,0.0,0.0
P2,2,1358,16,2227,0.001471,0.111111,0.002903,0.001453
P3,12,709,0,2882,0.016644,1.0,0.032742,0.016644
P4,30,415,6,3152,0.067416,0.833333,0.12474,0.066519
Total,44,2836,28,11504,0.015278,0.611111,0.02981,0.015131
