Property,TP,FP,FN,TN,Precision,Recall,F1,IoU
P1,0,339,6,3258,0.0,0.0,0.0,0.0
P2,1,596,17,2989,0.001675,0.055556,0.003252,0.001629
P3,10,292,2,3299,0.033113,0.833333,0.063694,0.032895
P4,24,3,12,3564,0.888889,0.666667,0.761905,0.615385
Total,35,1230,37,13110,0.027668,0.486111,0.052356,0.026882
