Property,TP,FP,FN,TN,Precision,Recall,F1,IoU
P1,0,354,6,3243,0.0,0.0,0.0,0.0
P2,3,1284,15,2301,0.002331,0.166667,0.004598,0.002304
P3,12,709,0,2882,0.016644,1.0,0.032742,0.016644
P4,30,415,6,3152,0.067416,0.833333,0.12474,0.066519
Total,45,2762,27,11578,0.016031,0.625,0.031261,0.015879
