Property,TP,FP,FN,TN,Precision,Recall,F1,IoU
P1,0,343,6,3254,0.0,0.0,0.0,0.0
P2,2,930,16,2655,0.002146,0.111111,0.004211,0.00211
P3,11,353,1,3238,0.03022,0.916667,0.058511,0.030137
P4,25,20,11,3547,0.555556,0.694444,0.617284,0.446429
Total,38,1646,34,12694,0.022565,0.527778,0.04328,0.022119
