Property,TP,FP,FN,TN,Precision,Recall,F1,IoU
P1,0,348,6,3249,0.0,0.0,0.0,0.0
P2,2,1110,16,2475,0.001799,0.111111,0.00354,0.001773
P3,12,420,0,3171,0.027778,1.0,0.054054,0.027778
P4,27,53,9,3514,0.3375,0.75,0.465517,0.303371
Total,41,1931,31,12409,0.020791,0.569444,0.040117,0.020469
