Property,TP,FP,FN,TN,Precision,Recall,F1,IoU
P1,0,348,6,3249,0.0,0.0,0.0,0.0
P2,1,899,17,2686,0.001111,0.055556,0.002179,0.001091
P3,12,420,0,3171,0.027778,1.0,0.054054,0.027778
P4,27,53,9,3514,0.3375,0.75,0.465517,0.303371
Total,40,1720,32,12620,0.022727,0.555556,0.043668,0.022321
