Property,TP,FP,FN,TN,Precision,Recall,F1,IoU
P1,0,339,6,3258,0.0,0.0,0.0,0.0
P2,1,782,17,2803,0.001277,0.055556,0.002497,0.00125
P3,10,292,2,3299,0.033113,0.833333,0.063694,0.032895
P4,24,3,12,3564,0.888889,0.666667,0.761905,0.615385
Total,35,1416,37,12924,0.024121,0.486111,0.045962,0.023522
