Property,TP,FP,FN,TN,Precision,Recall,F1,IoU,FP_pct,Denom
P1,0,352,6,3245,0.0,0.0,0.0,0.0,0.097696,3603
P2,2,1236,16,2349,0.001616,0.111111,0.003185,0.001595,0.343047,3603
P3,12,522,0,3069,0.022472,1.0,0.043956,0.022472,0.144879,3603
P4,29,148,7,3419,0.163842,0.805556,0.2723,0.157609,0.041077,3603
Total,43,2258,29,12082,0.018688,0.597222,0.036241,0.018455,0.156675,14412
