Property,TP,FP,FN,TN,Precision,Recall,F1,IoU
P1,0,352,6,3245,0.0,0.0,0.0,0.0
P2,1,1069,17,2516,0.000935,0.055556,0.001838,0.00092
P3,12,522,0,3069,0.022472,1.0,0.043956,0.022472
P4,29,148,7,3419,0.163842,0.805556,0.2723,0.157609
Total,42,2091,30,12249,0.019691,0.583333,0.038095,0.019417
