Property,TP,FP,FN,TN,Precision,Recall,F1,IoU,FP_pct,Denom
P1,0,354,6,3243,0.0,0.0,0.0,0.0,0.098251,3603
P2,2,1358,16,2227,0.001471,0.111111,0.002903,0.001453,0.376908,3603
P3,12,709,0,2882,0.016644,1.0,0.032742,0.016644,0.19678,3603
P4,30,415,6,3152,0.067416,0.833333,0.12474,0.066519,0.115182,3603
Total,44,2836,28,11504,0.015278,0.611111,0.02981,0.015131,0.19678,14412
