Property,TP,FP,FN,TN,Precision,Recall,F1,IoU
P1,0,171,6,3426,0.0,0.0,0.0,0.0
P2,0,445,18,3140,0.0,0.0,0.0,0.0
P3,12,28,0,3563,0.3,1.0,0.461538,0.3
P4,31,1,5,3566,0.96875,0.861111,0.911765,0.837838
Total,43,645,29,13695,0.0625,0.597222,0.113158,0.059972
