Property,TP,FP,FN,TN,Precision,Recall,F1,IoU,FP_pct,Denom
P1,0,82,6,3515,0.0,0.0,0.0,0.0,0.022759,3603
P2,1,499,17,3086,0.002,0.055556,0.003861,0.001934,0.138496,3603
P3,11,280,1,3311,0.037801,0.916667,0.072607,0.037671,0.077713,3603
P4,35,157,1,3410,0.182292,0.972222,0.307018,0.181347,0.043575,3603
Total,47,1018,25,13322,0.044131,0.652778,0.082674,0.043119,0.070636,14412
