Property,TP,FP,FN,TN,Precision,Recall,F1,IoU
P1,0,73,6,3524,0.0,0.0,0.0,0.0
P2,1,326,17,3259,0.003058,0.055556,0.005797,0.002907
P3,11,183,1,3408,0.056701,0.916667,0.106796,0.05641
P4,34,39,2,3528,0.465753,0.944444,0.623853,0.453333
Total,46,621,26,13719,0.068966,0.638889,0.124493,0.066378
