Property,TP,FP,FN,TN,Precision,Recall,F1,IoU,FP_pct,Denom
P1,0,89,6,3508,0.0,0.0,0.0,0.0,0.024702,3603
P2,1,520,17,3065,0.001919,0.055556,0.003711,0.001859,0.144324,3603
P3,11,326,1,3265,0.032641,0.916667,0.063037,0.032544,0.09048,3603
P4,36,244,0,3323,0.128571,1.0,0.227848,0.128571,0.067721,3603
Total,48,1179,24,13161,0.03912,0.666667,0.073903,0.038369,0.081807,14412
