Property,TP,FP,FN,TN,Precision,Recall,F1,IoU,FP_pct,Denom
P1,0,73,6,3524,0.0,0.0,0.0,0.0,0.020261,3603
P2,1,412,17,3173,0.002421,0.055556,0.00464,0.002326,0.114349,3603
P3,11,183,1,3408,0.056701,0.916667,0.106796,0.05641,0.050791,3603
P4,34,39,2,3528,0.465753,0.944444,0.623853,0.453333,0.010824,3603
Total,46,707,26,13633,0.061089,0.638889,0.111515,0.05905,0.049056,14412
