Property,TP,FP,FN,TN,Precision,Recall,F1,IoU,FP_pct,Denom
P1,0,78,6,3519,0.0,0.0,0.0,0.0,0.021649,3603
P2,1,472,17,3113,0.002114,0.055556,0.004073,0.002041,0.131002,3603
P3,11,244,1,3347,0.043137,0.916667,0.082397,0.042969,0.067721,3603
P4,34,111,2,3456,0.234483,0.944444,0.375691,0.231293,0.030808,3603
Total,46,905,26,13435,0.04837,0.638889,0.089932,0.047083,0.062795,14412
