Property,TP,FP,FN,TN,Precision,Recall,F1,IoU
P1,0,75,6,3522,0.0,0.0,0.0,0.0
P2,1,441,17,3144,0.002262,0.055556,0.004348,0.002179
P3,11,215,1,3376,0.048673,0.916667,0.092437,0.048458
P4,34,73,2,3494,0.317757,0.944444,0.475524,0.311927
Total,46,804,26,13536,0.054118,0.638889,0.099783,0.052511
