Property,TP,FP,FN,TN,Precision,Recall,F1,IoU
P1,0,75,6,3522,0.0,0.0,0.0,0.0
P2,1,355,17,3230,0.002809,0.055556,0.005348,0.002681
P3,11,215,1,3376,0.048673,0.916667,0.092437,0.048458
P4,34,73,2,3494,0.317757,0.944444,0.475524,0.311927
Total,46,718,26,13622,0.060209,0.638889,0.110048,0.058228
