Property,TP,FP,FN,TN,Precision,Recall,F1,IoU
P1,0,73,6,3524,0.0,0.0,0.0,0.0
P2,1,412,17,3173,0.002421,0.055556,0.00464,0.002326
P3,11,183,1,3408,0.056701,0.916667,0.106796,0.05641
P4,34,39,2,3528,0.465753,0.944444,0.623853,0.453333
Total,46,707,26,13633,0.061089,0.638889,0.111515,0.05905
