Property,TP,FP,FN,TN,Precision,Recall,F1,IoU
P1,0,82,6,3515,0.0,0.0,0.0,0.0
P2,1,431,17,3154,0.002315,0.055556,0.004444,0.002227
P3,11,280,1,3311,0.037801,0.916667,0.072607,0.037671
P4,35,157,1,3410,0.182292,0.972222,0.307018,0.181347
Total,47,950,25,13390,0.047141,0.652778,0.087933,0.045988
