Property,TP,FP,FN,TN,Precision,Recall,F1,IoU
P1,0,78,6,3519,0.0,0.0,0.0,0.0
P2,1,389,17,3196,0.002564,0.055556,0.004902,0.002457
P3,11,244,1,3347,0.043137,0.916667,0.082397,0.042969
P4,34,111,2,3456,0.234483,0.944444,0.375691,0.231293
Total,46,822,26,13518,0.052995,0.638889,0.097872,0.051454
