Property,TP,FP,FN,TN,Precision,Recall,F1,IoU
P1,0,89,6,3508,0.0,0.0,0.0,0.0
P2,1,483,17,3102,0.002066,0.055556,0.003984,0.001996
P3,11,326,1,3265,0.032641,0.916667,0.063037,0.032544
P4,36,244,0,3323,0.128571,1.0,0.227848,0.128571
Total,48,1142,24,13198,0.040336,0.666667,0.07607,0.039539
