Property,TP,FP,FN,TN,Precision,Recall,F1,IoU
P1,1,184,5,3413,0.0054,0.1667,0.0105,0.0053
P2,0,350,18,3235,0.0,0.0,0.0,0.0
P3,12,102,0,3489,0.1053,1.0,0.1905,0.1053
P4,32,20,4,3547,0.6154,0.8889,0.7273,0.5714
Total,45,656,27,13684,0.064194,0.625,0.116429,0.061813
