Property,TP,FP,FN,TN,Precision,Recall,F1,IoU,FP_pct,Denom
P1,1,184,5,3413,0.005405,0.166667,0.010471,0.005263,0.051069,3603
P2,0,350,18,3235,0.0,0.0,0.0,0.0,0.097141,3603
P3,12,24,0,3567,0.333333,1.0,0.5,0.333333,0.006661,3603
P4,32,4,4,3563,0.888889,0.888889,0.888889,0.8,0.00111,3603
Total,45,562,27,13778,0.074135,0.625,0.132548,0.070978,0.038995,14412
