Property,TP,FP,FN,TN,Precision,Recall,F1,IoU
P1,0,89,6,3508,0.0,0.0,0.0,0.0
P2,1,278,17,3307,0.0036,0.0556,0.0067,0.0034
P3,10,84,2,3507,0.1064,0.8333,0.1887,0.1042
P4,34,15,2,3552,0.6939,0.9444,0.8,0.6667
Total,45,466,27,13874,0.088063,0.625,0.154374,0.083643
