Property,TP,FP,FN,TN,Precision,Recall,F1,IoU
P1,0,134,6,3463,0.0,0.0,0.0,0.0
P2,1,313,17,3272,0.0032,0.0556,0.006,0.003
P3,10,115,2,3476,0.08,0.8333,0.146,0.0787
P4,34,22,2,3545,0.6071,0.9444,0.7391,0.5862
Total,45,584,27,13756,0.071542,0.625,0.128388,0.068598
