Property,TP,FP,FN,TN,Precision,Recall,F1,IoU
P1,0,33,6,3564,0.0,0.0,0.0,0.0
P2,0,167,18,3418,0.0,0.0,0.0,0.0
P3,12,3266,0,325,0.0037,1.0,0.0073,0.0037
P4,0,0,36,3567,0.0,0.0,0.0,0.0
Total,12,3466,60,10874,0.00345,0.166667,0.006761,0.003392
