Property,TP,FP,FN,TN,Precision,Recall,F1,IoU
P1,0,33,6,3564,0.0,0.0,0.0,0.0
P2,0,167,18,3418,0.0,0.0,0.0,0.0
P3,12,957,0,2634,0.012384,1.0,0.024465,0.012384
P4,0,0,36,3567,0.0,0.0,0.0,0.0
Total,12,1157,60,13183,0.010265,0.166667,0.019339,0.009764
