Property,TP,FP,FN,TN,Precision,Recall,F1,IoU
P1,1,184,5,3413,0.0054,0.1667,0.0105,0.0053
P2,0,482,18,3103,0.0,0.0,0.0,0.0
P3,10,94,2,3497,0.0962,0.8333,0.1724,0.0943
P4,32,20,4,3547,0.6154,0.8889,0.7273,0.5714
Total,43,780,29,13560,0.052248,0.597222,0.096089,0.050469
