Property,TP,FP,FN,TN,Precision,Recall,F1,IoU
P1,0,234,6,3363,0.0,0.0,0.0,0.0
P2,7,1030,11,2555,0.00675,0.388889,0.01327,0.006679
P3,12,748,0,2843,0.015789,1.0,0.031088,0.015789
P4,33,587,3,2980,0.053226,0.916667,0.10061,0.05297
Total,52,2599,20,11741,0.019615,0.722222,0.038193,0.019468
