Property,TP,FP,FN,TN,Precision,Recall,F1,IoU
P1,0,218,6,3379,0.0,0.0,0.0,0.0
P2,6,847,12,2738,0.007034,0.333333,0.013777,0.006936
P3,11,501,1,3090,0.021484,0.916667,0.041985,0.021442
P4,31,155,5,3412,0.166667,0.861111,0.279279,0.162304
Total,48,1721,24,12619,0.027134,0.666667,0.052146,0.026771
