Property,TP,FP,FN,TN,Precision,Recall,F1,IoU
P1,0,218,6,3379,0.0,0.0,0.0,0.0
P2,3,621,15,2964,0.004808,0.166667,0.009346,0.004695
P3,11,501,1,3090,0.021484,0.916667,0.041985,0.021442
P4,31,155,5,3412,0.166667,0.861111,0.279279,0.162304
Total,45,1495,27,12845,0.029221,0.625,0.055831,0.028717
