Property,TP,FP,FN,TN,Precision,Recall,F1,IoU
P1,0,214,6,3383,0.0,0.0,0.0,0.0
P2,2,560,16,3025,0.003559,0.111111,0.006897,0.00346
P3,10,428,2,3163,0.022831,0.833333,0.044444,0.022727
P4,31,98,5,3469,0.24031,0.861111,0.375758,0.231343
Total,43,1300,29,13040,0.032018,0.597222,0.060777,0.031341
