Property,TP,FP,FN,TN,Precision,Recall,F1,IoU,FP_pct,Denom
P1,0,214,6,3383,0.0,0.0,0.0,0.0,0.059395,3603
P2,5,770,13,2815,0.006452,0.277778,0.01261,0.006345,0.213711,3603
P3,10,428,2,3163,0.022831,0.833333,0.044444,0.022727,0.11879,3603
P4,31,98,5,3469,0.24031,0.861111,0.375758,0.231343,0.0272,3603
Total,46,1510,26,12830,0.029563,0.638889,0.056511,0.029077,0.104774,14412
