Property,TP,FP,FN,TN,Precision,Recall,F1,IoU,FP_pct,Denom
P1,0,222,6,3375,0.0,0.0,0.0,0.0,0.061615,3603
P2,7,970,11,2615,0.007165,0.388889,0.01407,0.007085,0.26922,3603
P3,12,569,0,3022,0.020654,1.0,0.040472,0.020654,0.157924,3603
P4,31,234,5,3333,0.116981,0.861111,0.20598,0.114815,0.064946,3603
Total,50,1995,22,12345,0.02445,0.694444,0.047237,0.02419,0.138426,14412
