Property,TP,FP,FN,TN,Precision,Recall,F1,IoU,FP_pct,Denom
P1,0,226,6,3371,0.0,0.0,0.0,0.0,0.062726,3603
P2,7,1045,11,2540,0.006654,0.388889,0.013084,0.006585,0.290036,3603
P3,12,648,0,2943,0.018182,1.0,0.035714,0.018182,0.17985,3603
P4,32,367,4,3200,0.080201,0.888889,0.147126,0.079404,0.10186,3603
Total,51,2286,21,12054,0.021823,0.708333,0.042341,0.021628,0.158618,14412
