Property,TP,FP,FN,TN,Precision,Recall,F1,IoU,FP_pct,Denom
P1,0,234,6,3363,0.0,0.0,0.0,0.0,0.064946,3603
P2,7,1109,11,2476,0.006272,0.388889,0.012346,0.006211,0.307799,3603
P3,12,748,0,2843,0.015789,1.0,0.031088,0.015789,0.207605,3603
P4,33,587,3,2980,0.053226,0.916667,0.10061,0.05297,0.16292,3603
Total,52,2678,20,11662,0.019048,0.722222,0.037116,0.018909,0.185817,14412
