Property,TP,FP,FN,TN,Precision,Recall,F1,IoU
P1,0,222,6,3375,0.0,0.0,0.0,0.0
P2,4,791,14,2794,0.005031,0.222222,0.00984,0.004944
P3,12,569,0,3022,0.020654,1.0,0.040472,0.020654
P4,31,234,5,3333,0.116981,0.861111,0.20598,0.114815
Total,47,1816,25,12524,0.025228,0.652778,0.048579,0.024894
