Property,TP,FP,FN,TN,Precision,Recall,F1,IoU
P1,0,226,6,3371,0.0,0.0,0.0,0.0
P2,4,885,14,2700,0.004499,0.222222,0.00882,0.00443
P3,12,648,0,2943,0.018182,1.0,0.035714,0.018182
P4,32,367,4,3200,0.080201,0.888889,0.147126,0.079404
Total,48,2126,24,12214,0.022079,0.666667,0.042743,0.021838
