Property,TP,FP,FN,TN,Precision,Recall,F1,IoU,FP_pct,Denom
P1,1,408,5,3189,0.002445,0.166667,0.004819,0.002415,0.113239,3603
P2,0,774,18,2811,0.0,0.0,0.0,0.0,0.214821,3603
P3,11,28,1,3563,0.282051,0.916667,0.431373,0.275,0.007771,3603
P4,22,12,14,3555,0.647059,0.611111,0.628571,0.458333,0.003331,3603
Total,34,1222,38,13118,0.02707,0.472222,0.051205,0.026275,0.08479,14412
