Property,TP,FP,FN,TN,Precision,Recall,F1,IoU
P1,3,991,3,2606,0.003,0.5,0.006,0.003
P2,2,294,16,3291,0.0068,0.1111,0.0127,0.0064
P3,4,35,8,3556,0.1026,0.3333,0.1569,0.0851
P4,14,15,22,3552,0.4828,0.3889,0.4308,0.2745
Total,23,1335,49,13005,0.016937,0.319444,0.032168,0.016347
