Property,TP,FP,FN,TN,Precision,Recall,F1,IoU
P1,0,80,6,3517,0.0,0.0,0.0,0.0
P2,0,434,18,3151,0.0,0.0,0.0,0.0
P3,12,69,0,3522,0.148148,1.0,0.258065,0.148148
P4,35,3,1,3564,0.921053,0.972222,0.945946,0.897436
Total,47,586,25,13754,0.07425,0.652778,0.133333,0.071429
