Property,TP,FP,FN,TN,Precision,Recall,F1,IoU,FP_pct,Denom
P1,0,80,6,3517,0.0,0.0,0.0,0.0,0.022204,3603
P2,0,292,18,3293,0.0,0.0,0.0,0.0,0.081044,3603
P3,12,65,0,3526,0.155844,1.0,0.269663,0.155844,0.018041,3603
P4,35,3,1,3564,0.921053,0.972222,0.945946,0.897436,0.000833,3603
Total,47,440,25,13900,0.096509,0.652778,0.168157,0.091797,0.03053,14412
