Property,TP,FP,FN,TN,Precision,Recall,F1,IoU
P1,0,80,6,3517,0.0,0.0,0.0,0.0
P2,0,273,18,3312,0.0,0.0,0.0,0.0
P3,12,65,0,3526,0.155844,1.0,0.269663,0.155844
P4,35,3,1,3564,0.921053,0.972222,0.945946,0.897436
Total,47,421,25,13919,0.100427,0.652778,0.174074,0.095335
