Property,TP,FP,FN,TN,Precision,Recall,F1,IoU
P1,0,80,6,3517,0.0,0.0,0.0,0.0
P2,0,435,18,3150,0.0,0.0,0.0,0.0
P3,12,69,0,3522,0.148148,1.0,0.258065,0.148148
P4,35,3,1,3564,0.921053,0.972222,0.945946,0.897436
Total,47,587,25,13753,0.074132,0.652778,0.133144,0.07132
