Property,TP,FP,FN,TN,Precision,Recall,F1,IoU
P1,2,446,4,3151,0.004464,0.333333,0.008811,0.004425
P2,4,1641,14,1944,0.002432,0.222222,0.004811,0.002411
P3,12,942,0,2649,0.012579,1.0,0.024845,0.012579
P4,31,533,5,3034,0.054965,0.861111,0.103333,0.054482
Total,49,3562,23,10778,0.01357,0.680556,0.026609,0.013484
