Property,TP,FP,FN,TN,Precision,Recall,F1,IoU,FP_pct,Denom
P1,2,446,4,3151,0.004464,0.333333,0.008811,0.004425,0.123786,3603
P2,6,1797,12,1788,0.003328,0.333333,0.00659,0.003306,0.498751,3603
P3,12,646,0,2945,0.018237,1.0,0.035821,0.018237,0.179295,3603
P4,21,6,15,3561,0.777778,0.583333,0.666667,0.5,0.001665,3603
Total,41,2895,31,11445,0.013965,0.569444,0.027261,0.013819,0.200874,14412
