Property,TP,FP,FN,TN,Precision,Recall,F1,IoU,FP_pct,Denom
P1,2,446,4,3151,0.004464,0.333333,0.008811,0.004425,0.123786,3603
P2,6,1676,12,1909,0.003567,0.333333,0.007059,0.003542,0.465168,3603
P3,8,354,4,3237,0.022099,0.666667,0.042781,0.021858,0.098251,3603
P4,21,6,15,3561,0.777778,0.583333,0.666667,0.5,0.001665,3603
Total,37,2482,35,11858,0.014688,0.513889,0.02856,0.014487,0.172218,14412
