Property,TP,FP,FN,TN,Precision,Recall,F1,IoU
P1,2,446,4,3151,0.004464,0.333333,0.008811,0.004425
P2,3,1482,15,2103,0.00202,0.166667,0.003992,0.002
P3,12,646,0,2945,0.018237,1.0,0.035821,0.018237
P4,21,6,15,3561,0.777778,0.583333,0.666667,0.5
Total,38,2580,34,11760,0.014515,0.527778,0.028253,0.014329
