Property,TP,FP,FN,TN,Precision,Recall,F1,IoU
P1,0,134,6,3463,0.0,0.0,0.0,0.0
P2,0,297,18,3288,0.0,0.0,0.0,0.0
P3,12,102,0,3489,0.1053,1.0,0.1905,0.1053
P4,32,16,4,3551,0.6667,0.8889,0.7619,0.6154
Total,44,549,28,13791,0.074199,0.611111,0.132331,0.070853
