Property,TP,FP,FN,TN,Precision,Recall,F1,IoU,FP_pct,Denom
P1,0,134,6,3463,0.0,0.0,0.0,0.0,0.037191,3603
P2,0,297,18,3288,0.0,0.0,0.0,0.0,0.082431,3603
P3,12,27,0,3564,0.307692,1.0,0.470588,0.307692,0.007494,3603
P4,32,1,4,3566,0.969697,0.888889,0.927536,0.864865,0.000278,3603
Total,44,459,28,13881,0.087475,0.611111,0.153043,0.082863,0.031848,14412
