Property,TP,FP,FN,TN,Precision,Recall,F1,IoU
P1,0,206,6,3391,0.0,0.0,0.0,0.0
P2,1,617,17,2968,0.0016,0.0556,0.0031,0.0016
P3,9,76,3,3515,0.1059,0.75,0.1856,0.1023
P4,33,23,3,3544,0.5893,0.9167,0.7174,0.5593
Total,43,922,29,13418,0.04456,0.597222,0.082932,0.04326
