Property,TP,FP,FN,TN,Precision,Recall,F1,IoU
P1,0,171,6,3426,0.0,0.0,0.0,0.0
P2,0,573,18,3012,0.0,0.0,0.0,0.0
P3,12,120,0,3471,0.0909,1.0,0.1667,0.0909
P4,31,15,5,3552,0.6739,0.8611,0.7561,0.6078
Total,43,879,29,13461,0.046638,0.597222,0.086519,0.045216
