Property,TP,FP,FN,TN,Precision,Recall,F1,IoU
P1,0,86,6,3511,0.0,0.0,0.0,0.0
P2,0,424,18,3161,0.0,0.0,0.0,0.0
P3,10,178,2,3413,0.053191,0.833333,0.1,0.052632
P4,35,37,1,3530,0.486111,0.972222,0.648148,0.479452
Total,45,725,27,13615,0.058442,0.625,0.106888,0.056462
