Property,TP,FP,FN,TN,Precision,Recall,F1,IoU
P1,0,86,6,3511,0.0,0.0,0.0,0.0
P2,0,533,18,3052,0.0,0.0,0.0,0.0
P3,10,251,2,3340,0.038314,0.833333,0.07326,0.038023
P4,36,133,0,3434,0.213018,1.0,0.35122,0.213018
Total,46,1003,26,13337,0.043851,0.638889,0.08207,0.042791
