Property,TP,FP,FN,TN,Precision,Recall,F1,IoU
P1,0,86,6,3511,0.0,0.0,0.0,0.0
P2,0,394,18,3191,0.0,0.0,0.0,0.0
P3,10,109,2,3482,0.084034,0.833333,0.152672,0.082645
P4,35,0,1,3567,1.0,0.972222,0.985915,0.972222
Total,45,589,27,13751,0.070978,0.625,0.127479,0.068079
