Property,TP,FP,FN,TN,Precision,Recall,F1,IoU,FP_pct,Denom
P1,0,86,6,3511,0.0,0.0,0.0,0.0,0.023869,3603
P2,0,349,18,3236,0.0,0.0,0.0,0.0,0.096864,3603
P3,10,87,2,3504,0.103093,0.833333,0.183486,0.10101,0.024147,3603
P4,35,0,1,3567,1.0,0.972222,0.985915,0.972222,0.0,3603
Total,45,522,27,13818,0.079365,0.625,0.140845,0.075758,0.03622,14412
