Property,TP,FP,FN,TN,Precision,Recall,F1,IoU,FP_pct,Denom
P1,0,86,6,3511,0.0,0.0,0.0,0.0,0.023869,3603
P2,0,446,18,3139,0.0,0.0,0.0,0.0,0.123786,3603
P3,10,137,2,3454,0.068027,0.833333,0.125786,0.067114,0.038024,3603
P4,35,11,1,3556,0.76087,0.972222,0.853659,0.744681,0.003053,3603
Total,45,680,27,13660,0.062069,0.625,0.112923,0.05984,0.047183,14412
