Property,TP,FP,FN,TN,Precision,Recall,F1,IoU,FP_pct,Denom
P1,0,86,6,3511,0.0,0.0,0.0,0.0,0.023869,3603
P2,0,485,18,3100,0.0,0.0,0.0,0.0,0.13461,3603
P3,10,178,2,3413,0.053191,0.833333,0.1,0.052632,0.049403,3603
P4,35,37,1,3530,0.486111,0.972222,0.648148,0.479452,0.010269,3603
Total,45,786,27,13554,0.054152,0.625,0.099668,0.052448,0.054538,14412
