Property,TP,FP,FN,TN,Precision,Recall,F1,IoU
P1,0,86,6,3511,0.0,0.0,0.0,0.0
P2,0,570,18,3015,0.0,0.0,0.0,0.0
P3,10,251,2,3340,0.038314,0.833333,0.07326,0.038023
P4,36,133,0,3434,0.213018,1.0,0.35122,0.213018
Total,46,1040,26,13300,0.042357,0.638889,0.079447,0.041367
