Property,TP,FP,FN,TN,Precision,Recall,F1,IoU
P1,0,86,6,3511,0.0,0.0,0.0,0.0
P2,0,373,18,3212,0.0,0.0,0.0,0.0
P3,10,137,2,3454,0.068027,0.833333,0.125786,0.067114
P4,35,11,1,3556,0.76087,0.972222,0.853659,0.744681
Total,45,607,27,13733,0.069018,0.625,0.124309,0.066274
