Property,TP,FP,FN,TN,Precision,Recall,F1,IoU
P1,0,154,6,3443,0.0,0.0,0.0,0.0
P2,1,879,17,2706,0.001136,0.055556,0.002227,0.001115
P3,10,573,2,3018,0.017153,0.833333,0.033613,0.017094
P4,36,451,0,3116,0.073922,1.0,0.137667,0.073922
Total,47,2057,25,12283,0.022338,0.652778,0.043199,0.022076
