Property,TP,FP,FN,TN,Precision,Recall,F1,IoU,FP_pct,Denom
P1,0,138,6,3459,0.0,0.0,0.0,0.0,0.038301,3603
P2,1,663,17,2922,0.001506,0.055556,0.002933,0.001468,0.184013,3603
P3,10,325,2,3266,0.029851,0.833333,0.057637,0.029674,0.090203,3603
P4,34,92,2,3475,0.269841,0.944444,0.419753,0.265625,0.025534,3603
Total,45,1218,27,13122,0.035629,0.625,0.067416,0.034884,0.084513,14412
