Property,TP,FP,FN,TN,Precision,Recall,F1,IoU
P1,0,147,6,3450,0.0,0.0,0.0,0.0
P2,1,807,17,2778,0.001238,0.055556,0.002421,0.001212
P3,10,491,2,3100,0.01996,0.833333,0.038986,0.019881
P4,35,306,1,3261,0.102639,0.972222,0.185676,0.102339
Total,46,1751,26,12589,0.025598,0.638889,0.049224,0.025233
