Property,TP,FP,FN,TN,Precision,Recall,F1,IoU,FP_pct,Denom
P1,0,154,6,3443,0.0,0.0,0.0,0.0,0.042742,3603
P2,1,879,17,2706,0.001136,0.055556,0.002227,0.001115,0.243963,3603
P3,10,573,2,3018,0.017153,0.833333,0.033613,0.017094,0.159034,3603
P4,36,451,0,3116,0.073922,1.0,0.137667,0.073922,0.125173,3603
Total,47,2057,25,12283,0.022338,0.652778,0.043199,0.022076,0.142728,14412
