Property,TP,FP,FN,TN,Precision,Recall,F1,IoU
P1,0,143,6,3454,0.0,0.0,0.0,0.0
P2,1,769,17,2816,0.001299,0.055556,0.002538,0.001271
P3,10,430,2,3161,0.022727,0.833333,0.044248,0.022624
P4,34,224,2,3343,0.131783,0.944444,0.231293,0.130769
Total,45,1566,27,12774,0.027933,0.625,0.053476,0.027473
