Property,TP,FP,FN,TN,Precision,Recall,F1,IoU
P1,0,138,6,3459,0.0,0.0,0.0,0.0
P2,1,509,17,3076,0.001961,0.055556,0.003788,0.001898
P3,10,325,2,3266,0.029851,0.833333,0.057637,0.029674
P4,34,92,2,3475,0.269841,0.944444,0.419753,0.265625
Total,45,1064,27,13276,0.040577,0.625,0.076207,0.039613
