Property,TP,FP,FN,TN,Precision,Recall,F1,IoU
P1,0,143,6,3454,0.0,0.0,0.0,0.0
P2,1,627,17,2958,0.001592,0.055556,0.003096,0.00155
P3,10,430,2,3161,0.022727,0.833333,0.044248,0.022624
P4,34,224,2,3343,0.131783,0.944444,0.231293,0.130769
Total,45,1424,27,12916,0.030633,0.625,0.058404,0.03008
