Property,TP,FP,FN,TN,Precision,Recall,F1,IoU
P1,0,147,6,3450,0.0,0.0,0.0,0.0
P2,1,710,17,2875,0.001406,0.055556,0.002743,0.001374
P3,10,491,2,3100,0.01996,0.833333,0.038986,0.019881
P4,35,306,1,3261,0.102639,0.972222,0.185676,0.102339
Total,46,1654,26,12686,0.027059,0.638889,0.051919,0.026651
