Property,TP,FP,FN,TN,Precision,Recall,F1,IoU
P1,0,140,6,3457,0.0,0.0,0.0,0.0
P2,1,562,17,3023,0.001776,0.055556,0.003442,0.001724
P3,10,381,2,3210,0.025575,0.833333,0.049628,0.025445
P4,34,156,2,3411,0.178947,0.944444,0.300885,0.177083
Total,45,1239,27,13101,0.035047,0.625,0.066372,0.034325
