Property,TP,FP,FN,TN,Precision,Recall,F1,IoU
P1,0,140,6,3457,0.0,0.0,0.0,0.0
P2,1,710,17,2875,0.001406,0.055556,0.002743,0.001374
P3,10,381,2,3210,0.025575,0.833333,0.049628,0.025445
P4,34,156,2,3411,0.178947,0.944444,0.300885,0.177083
Total,45,1387,27,12953,0.031425,0.625,0.05984,0.030843
