Property,TP,FP,FN,TN,Precision,Recall,F1,IoU,FP_pct,Denom
P1,0,147,6,3450,0.0,0.0,0.0,0.0,0.040799,3603
P2,1,807,17,2778,0.001238,0.055556,0.002421,0.001212,0.22398,3603
P3,10,491,2,3100,0.01996,0.833333,0.038986,0.019881,0.136275,3603
P4,35,306,1,3261,0.102639,0.972222,0.185676,0.102339,0.084929,3603
Total,46,1751,26,12589,0.025598,0.638889,0.049224,0.025233,0.121496,14412
