Property,TP,FP,FN,TN,Precision,Recall,F1,IoU
P1,0,154,6,3443,0.0,0.0,0.0,0.0
P2,1,831,17,2754,0.001202,0.055556,0.002353,0.001178
P3,10,573,2,3018,0.017153,0.833333,0.033613,0.017094
P4,36,451,0,3116,0.073922,1.0,0.137667,0.073922
Total,47,2009,25,12331,0.02286,0.652778,0.044173,0.022585
