Property,TP,FP,FN,TN,Precision,Recall,F1,IoU
P1,0,91,6,3506,0.0,0.0,0.0,0.0
P2,0,492,18,3093,0.0,0.0,0.0,0.0
P3,12,115,0,3476,0.094488,1.0,0.172662,0.094488
P4,36,7,0,3560,0.837209,1.0,0.911392,0.837209
Total,48,705,24,13635,0.063745,0.666667,0.116364,0.061776
