Property,TP,FP,FN,TN,Precision,Recall,F1,IoU,FP_pct,Denom
P1,0,91,6,3506,0.0,0.0,0.0,0.0,0.025257,3603
P2,0,563,18,3022,0.0,0.0,0.0,0.0,0.156259,3603
P3,12,166,0,3425,0.067416,1.0,0.126316,0.067416,0.046073,3603
P4,36,16,0,3551,0.692308,1.0,0.818182,0.692308,0.004441,3603
Total,48,836,24,13504,0.054299,0.666667,0.100418,0.052863,0.058007,14412
