Property,TP,FP,FN,TN,Precision,Recall,F1,IoU
P1,0,91,6,3506,0.0,0.0,0.0,0.0
P2,0,551,18,3034,0.0,0.0,0.0,0.0
P3,12,166,0,3425,0.067416,1.0,0.126316,0.067416
P4,36,16,0,3551,0.692308,1.0,0.818182,0.692308
Total,48,824,24,13516,0.055046,0.666667,0.101695,0.053571
