Property,TP,FP,FN,TN,Precision,Recall,F1,IoU
P1,0,91,6,3506,0.0,0.0,0.0,0.0
P2,0,412,18,3173,0.0,0.0,0.0,0.0
P3,12,91,0,3500,0.116505,1.0,0.208696,0.116505
P4,36,6,0,3561,0.857143,1.0,0.923077,0.857143
Total,48,600,24,13740,0.074074,0.666667,0.133333,0.071429
