Property,TP,FP,FN,TN,Precision,Recall,F1,IoU,FP_pct,Denom
P1,0,91,6,3506,0.0,0.0,0.0,0.0,0.025257,3603
P2,0,435,18,3150,0.0,0.0,0.0,0.0,0.120733,3603
P3,12,91,0,3500,0.116505,1.0,0.208696,0.116505,0.025257,3603
P4,36,6,0,3561,0.857143,1.0,0.923077,0.857143,0.001665,3603
Total,48,623,24,13717,0.071535,0.666667,0.129206,0.069065,0.043228,14412
