Property,TP,FP,FN,TN,Precision,Recall,F1,IoU
P1,0,91,6,3506,0.0,0.0,0.0,0.0
P2,0,435,18,3150,0.0,0.0,0.0,0.0
P3,12,91,0,3500,0.116505,1.0,0.208696,0.116505
P4,36,6,0,3561,0.857143,1.0,0.923077,0.857143
Total,48,623,24,13717,0.071535,0.666667,0.129206,0.069065
