Property,TP,FP,FN,TN,Precision,Recall,F1,IoU,FP_pct,Denom
P1,0,91,6,3506,0.0,0.0,0.0,0.0,0.025257,3603
P2,0,680,18,2905,0.0,0.0,0.0,0.0,0.188732,3603
P3,12,270,0,3321,0.042553,1.0,0.081633,0.042553,0.074938,3603
P4,36,107,0,3460,0.251748,1.0,0.402235,0.251748,0.029697,3603
Total,48,1148,24,13192,0.040134,0.666667,0.07571,0.039344,0.079656,14412
