Property,TP,FP,FN,TN,Precision,Recall,F1,IoU
P1,0,91,6,3506,0.0,0.0,0.0,0.0
P2,0,377,18,3208,0.0,0.0,0.0,0.0
P3,12,79,0,3512,0.131868,1.0,0.23301,0.131868
P4,36,6,0,3561,0.857143,1.0,0.923077,0.857143
Total,48,553,24,13787,0.079867,0.666667,0.142645,0.0768
