Property,TP,FP,FN,TN,Precision,Recall,F1,IoU
P1,0,91,6,3506,0.0,0.0,0.0,0.0
P2,0,692,18,2893,0.0,0.0,0.0,0.0
P3,12,270,0,3321,0.042553,1.0,0.081633,0.042553
P4,36,107,0,3460,0.251748,1.0,0.402235,0.251748
Total,48,1160,24,13180,0.039735,0.666667,0.075,0.038961
