Property,TP,FP,FN,TN,Precision,Recall,F1,IoU
P1,0,91,6,3506,0.0,0.0,0.0,0.0
P2,0,680,18,2905,0.0,0.0,0.0,0.0
P3,12,270,0,3321,0.042553,1.0,0.081633,0.042553
P4,36,107,0,3460,0.251748,1.0,0.402235,0.251748
Total,48,1148,24,13192,0.040134,0.666667,0.07571,0.039344
