Property,TP,FP,FN,TN,Precision,Recall,F1,IoU,FP_pct,Denom
P1,0,91,6,3506,0.0,0.0,0.0,0.0,0.025257,3603
P2,0,384,18,3201,0.0,0.0,0.0,0.0,0.106578,3603
P3,12,79,0,3512,0.131868,1.0,0.23301,0.131868,0.021926,3603
P4,36,6,0,3561,0.857143,1.0,0.923077,0.857143,0.001665,3603
Total,48,560,24,13780,0.078947,0.666667,0.141176,0.075949,0.038857,14412
