Property,TP,FP,FN,TN,Precision,Recall,F1,IoU
P1,0,154,6,3443,0.0,0.0,0.0,0.0
P2,0,234,18,3351,0.0,0.0,0.0,0.0
P3,10,85,2,3506,0.1053,0.8333,0.1869,0.1031
P4,33,46,3,3521,0.4177,0.9167,0.5739,0.4024
Total,43,519,29,13821,0.076512,0.597222,0.135647,0.072758
