Property,TP,FP,FN,TN,Precision,Recall,F1,IoU
P1,0,154,6,3443,0.0,0.0,0.0,0.0
P2,0,234,18,3351,0.0,0.0,0.0,0.0
P3,9,18,3,3573,0.333333,0.75,0.461538,0.3
P4,33,32,3,3535,0.507692,0.916667,0.653465,0.485294
Total,42,438,30,13902,0.0875,0.583333,0.152174,0.082353
