Property,TP,FP,FN,TN,Precision,Recall,F1,IoU
P1,2,880,4,2717,0.0023,0.3333,0.0045,0.0023
P2,6,1144,12,2441,0.0052,0.3333,0.0103,0.0052
P3,7,92,5,3499,0.0707,0.5833,0.1261,0.0673
P4,18,20,18,3547,0.4737,0.5,0.4865,0.3214
Total,33,2136,39,12204,0.015214,0.458333,0.029451,0.014946
