Property,TP,FP,FN,TN,Precision,Recall,F1,IoU,FP_pct,Denom
P1,2,880,4,2717,0.002268,0.333333,0.004505,0.002257,0.244241,3603
P2,6,1144,12,2441,0.005217,0.333333,0.010274,0.005164,0.317513,3603
P3,7,37,5,3554,0.159091,0.583333,0.25,0.142857,0.010269,3603
P4,18,14,18,3553,0.5625,0.5,0.529412,0.36,0.003886,3603
Total,33,2075,39,12265,0.015655,0.458333,0.030275,0.01537,0.143977,14412
