Property,TP,FP,FN,TN,Precision,Recall,F1,IoU
P1,2,880,4,2717,0.002268,0.333333,0.004505,0.002257
P2,9,2226,9,1359,0.004027,0.5,0.007989,0.004011
P3,7,317,5,3274,0.021605,0.583333,0.041667,0.021277
P4,18,14,18,3553,0.5625,0.5,0.529412,0.36
Total,36,3437,36,10903,0.010366,0.5,0.02031,0.010259
