Property,TP,FP,FN,TN,Precision,Recall,F1,IoU
P1,2,880,4,2717,0.002268,0.333333,0.004505,0.002257
P2,8,1865,10,1720,0.004271,0.444444,0.008461,0.004249
P3,7,317,5,3274,0.021605,0.583333,0.041667,0.021277
P4,18,14,18,3553,0.5625,0.5,0.529412,0.36
Total,35,3076,37,11264,0.01125,0.486111,0.021992,0.011118
