Property,TP,FP,FN,TN,Precision,Recall,F1,IoU
P1,2,880,4,2717,0.002268,0.333333,0.004505,0.002257
P2,9,2390,9,1195,0.003752,0.5,0.007447,0.003738
P3,7,317,5,3274,0.021605,0.583333,0.041667,0.021277
P4,18,14,18,3553,0.5625,0.5,0.529412,0.36
Total,36,3601,36,10739,0.009898,0.5,0.019412,0.009801
