Property,TP,FP,FN,TN,Precision,Recall,F1,IoU
P1,2,880,4,2717,0.002268,0.333333,0.004505,0.002257
P2,9,2619,9,966,0.003425,0.5,0.006803,0.003413
P3,11,1509,1,2082,0.007237,0.916667,0.01436,0.007232
P4,27,719,9,2848,0.036193,0.75,0.069054,0.035762
Total,49,5727,23,8613,0.008483,0.680556,0.016758,0.00845
