Property,TP,FP,FN,TN,Precision,Recall,F1,IoU
P1,0,91,6,3506,0.0,0.0,0.0,0.0
P2,1,428,17,3157,0.0023,0.0556,0.0045,0.0022
P3,11,111,1,3480,0.0902,0.9167,0.1642,0.0894
P4,36,21,0,3546,0.6316,1.0,0.7742,0.6316
Total,48,651,24,13689,0.06867,0.666667,0.124514,0.06639
