Property,TP,FP,FN,TN,Precision,Recall,F1,IoU
P1,2,327,4,3270,0.0061,0.3333,0.0119,0.006
P2,3,815,15,2770,0.0037,0.1667,0.0072,0.0036
P3,7,78,5,3513,0.0824,0.5833,0.1443,0.0778
P4,28,24,8,3543,0.5385,0.7778,0.6364,0.4667
Total,40,1244,32,13096,0.031153,0.555556,0.058997,0.030395
