Property,TP,FP,FN,TN,Precision,Recall,F1,IoU
P1,1,184,5,3413,0.005405,0.166667,0.010471,0.005263
P2,1,558,17,3027,0.001789,0.055556,0.003466,0.001736
P3,12,108,0,3483,0.1,1.0,0.181818,0.1
P4,32,4,4,3563,0.888889,0.888889,0.888889,0.8
Total,46,854,26,13486,0.051111,0.638889,0.09465,0.049676
