Property,TP,FP,FN,TN,Precision,Recall,F1,IoU,FP_pct,Denom
P1,1,184,5,3413,0.005405,0.166667,0.010471,0.005263,0.051069,3603
P2,3,858,15,2727,0.003484,0.166667,0.006826,0.003425,0.238135,3603
P3,12,135,0,3456,0.081633,1.0,0.150943,0.081633,0.037469,3603
P4,32,5,4,3562,0.864865,0.888889,0.876712,0.780488,0.001388,3603
Total,48,1182,24,13158,0.039024,0.666667,0.073733,0.038278,0.082015,14412
