Property,TP,FP,FN,TN,Precision,Recall,F1,IoU
P1,1,184,5,3413,0.005405,0.166667,0.010471,0.005263
P2,3,870,15,2715,0.003436,0.166667,0.006734,0.003378
P3,12,135,0,3456,0.081633,1.0,0.150943,0.081633
P4,32,5,4,3562,0.864865,0.888889,0.876712,0.780488
Total,48,1194,24,13146,0.038647,0.666667,0.073059,0.037915
