Property,TP,FP,FN,TN,Precision,Recall,F1,IoU
P1,1,184,5,3413,0.005405,0.166667,0.010471,0.005263
P2,0,337,18,3248,0.0,0.0,0.0,0.0
P3,12,107,0,3484,0.10084,1.0,0.183206,0.10084
P4,32,4,4,3563,0.888889,0.888889,0.888889,0.8
Total,45,632,27,13708,0.06647,0.625,0.12016,0.06392
