Property,TP,FP,FN,TN,Precision,Recall,F1,IoU,FP_pct,Denom
P1,1,184,5,3413,0.005405,0.166667,0.010471,0.005263,0.051069,3603
P2,0,337,18,3248,0.0,0.0,0.0,0.0,0.093533,3603
P3,12,107,0,3484,0.10084,1.0,0.183206,0.10084,0.029697,3603
P4,32,4,4,3563,0.888889,0.888889,0.888889,0.8,0.00111,3603
Total,45,632,27,13708,0.06647,0.625,0.12016,0.06392,0.043852,14412
