Property,TP,FP,FN,TN,Precision,Recall,F1,IoU
P1,1,408,5,3189,0.002445,0.166667,0.004819,0.002415
P2,4,2182,14,1403,0.00183,0.222222,0.00363,0.001818
P3,11,259,1,3332,0.040741,0.916667,0.078014,0.04059
P4,22,12,14,3555,0.647059,0.611111,0.628571,0.458333
Total,38,2861,34,11479,0.013108,0.527778,0.025581,0.012956
