Property,TP,FP,FN,TN,Precision,Recall,F1,IoU
P1,1,408,5,3189,0.002445,0.166667,0.004819,0.002415
P2,0,931,18,2654,0.0,0.0,0.0,0.0
P3,11,259,1,3332,0.040741,0.916667,0.078014,0.04059
P4,22,12,14,3555,0.647059,0.611111,0.628571,0.458333
Total,34,1610,38,12730,0.020681,0.472222,0.039627,0.020214
