Property,TP,FP,FN,TN,Precision,Recall,F1,IoU
P1,1,408,5,3189,0.002445,0.166667,0.004819,0.002415
P2,1,1221,17,2364,0.000818,0.055556,0.001613,0.000807
P3,11,259,1,3332,0.040741,0.916667,0.078014,0.04059
P4,22,12,14,3555,0.647059,0.611111,0.628571,0.458333
Total,35,1900,37,12440,0.018088,0.486111,0.034878,0.017748
