Property,TP,FP,FN,TN,Precision,Recall,F1,IoU,FP_pct,Denom
P1,1,408,5,3189,0.002445,0.166667,0.004819,0.002415,0.113239,3603
P2,1,1415,17,2170,0.000706,0.055556,0.001395,0.000698,0.392728,3603
P3,11,259,1,3332,0.040741,0.916667,0.078014,0.04059,0.071885,3603
P4,22,12,14,3555,0.647059,0.611111,0.628571,0.458333,0.003331,3603
Total,35,2094,37,12246,0.01644,0.486111,0.031804,0.016159,0.145296,14412
