Property,TP,FP,FN,TN,Precision,Recall,F1,IoU
P1,1,408,5,3189,0.002445,0.166667,0.004819,0.002415
P2,1,1415,17,2170,0.000706,0.055556,0.001395,0.000698
P3,11,259,1,3332,0.040741,0.916667,0.078014,0.04059
P4,22,12,14,3555,0.647059,0.611111,0.628571,0.458333
Total,35,2094,37,12246,0.01644,0.486111,0.031804,0.016159
