Property,TP,FP,FN,TN,Precision,Recall,F1,IoU,FP_pct,Denom
P1,1,408,5,3189,0.002445,0.166667,0.004819,0.002415,0.113239,3603
P2,4,2314,14,1271,0.001726,0.222222,0.003425,0.001715,0.642243,3603
P3,11,817,1,2774,0.013285,0.916667,0.02619,0.013269,0.226755,3603
P4,22,12,14,3555,0.647059,0.611111,0.628571,0.458333,0.003331,3603
Total,38,3551,34,10789,0.010588,0.527778,0.020759,0.010489,0.246392,14412
