Property,TP,FP,FN,TN,Precision,Recall,F1,IoU
P1,0,354,6,3243,0.0,0.0,0.0,0.0
P2,0,288,18,3297,0.0,0.0,0.0,0.0
P3,10,100,2,3491,0.0909,0.8333,0.1639,0.0893
P4,24,12,12,3555,0.6667,0.6667,0.6667,0.5
Total,34,754,38,13586,0.043147,0.472222,0.07907,0.041162
