Property,TP,FP,FN,TN,Precision,Recall,F1,IoU
P1,0,354,6,3243,0.0,0.0,0.0,0.0
P2,0,288,18,3297,0.0,0.0,0.0,0.0
P3,10,31,2,3560,0.243902,0.833333,0.377358,0.232558
P4,24,3,12,3564,0.888889,0.666667,0.761905,0.615385
Total,34,676,38,13664,0.047887,0.472222,0.086957,0.045455
