Property,TP,FP,FN,TN,Precision,Recall,F1,IoU
P1,0,134,6,3463,0.0,0.0,0.0,0.0
P2,0,159,18,3426,0.0,0.0,0.0,0.0
P3,10,115,2,3476,0.08,0.8333,0.146,0.0787
P4,34,22,2,3545,0.6071,0.9444,0.7391,0.5862
Total,44,430,28,13910,0.092827,0.611111,0.161172,0.087649
