Property,TP,FP,FN,TN,Precision,Recall,F1,IoU,FP_pct,Denom
P1,0,134,6,3463,0.0,0.0,0.0,0.0,0.037191,3603
P2,0,159,18,3426,0.0,0.0,0.0,0.0,0.04413,3603
P3,10,32,2,3559,0.238095,0.833333,0.37037,0.227273,0.008881,3603
P4,34,8,2,3559,0.809524,0.944444,0.871795,0.772727,0.00222,3603
Total,44,333,28,14007,0.116711,0.611111,0.195991,0.108642,0.023106,14412
