Property,TP,FP,FN,TN,Precision,Recall,F1,IoU
P1,1,408,5,3189,0.0024,0.1667,0.0048,0.0024
P2,1,1062,17,2523,0.0009,0.0556,0.0019,0.0009
P3,9,110,3,3481,0.0756,0.75,0.1374,0.0738
P4,22,23,14,3544,0.4889,0.6111,0.5432,0.3729
Total,33,1603,39,12737,0.020171,0.458333,0.038642,0.019701
