Property,TP,FP,FN,TN,Precision,Recall,F1,IoU
P1,0,86,6,3511,0.0,0.0,0.0,0.0
P2,0,230,18,3355,0.0,0.0,0.0,0.0
P3,10,84,2,3507,0.1064,0.8333,0.1887,0.1042
P4,35,15,1,3552,0.7,0.9722,0.814,0.6863
Total,45,415,27,13925,0.097826,0.625,0.169173,0.092402
