Property,TP,FP,FN,TN,Precision,Recall,F1,IoU
P1,0,86,6,3511,0.0,0.0,0.0,0.0
P2,0,230,18,3355,0.0,0.0,0.0,0.0
P3,10,20,2,3571,0.333333,0.833333,0.47619,0.3125
P4,35,0,1,3567,1.0,0.972222,0.985915,0.972222
Total,45,336,27,14004,0.11811,0.625,0.198675,0.110294
