Property,TP,FP,FN,TN,Precision,Recall,F1,IoU
P1,0,159,6,3438,0.0,0.0,0.0,0.0
P2,1,464,17,3121,0.0022,0.0556,0.0041,0.0021
P3,11,119,1,3472,0.0846,0.9167,0.1549,0.084
P4,31,15,5,3552,0.6739,0.8611,0.7561,0.6078
Total,43,757,29,13583,0.05375,0.597222,0.098624,0.05187
