Property,TP,FP,FN,TN,Precision,Recall,F1,IoU
P1,1,408,5,3189,0.002445,0.166667,0.004819,0.002415
P2,0,774,18,2811,0.0,0.0,0.0,0.0
P3,11,28,1,3563,0.282051,0.916667,0.431373,0.275
P4,22,12,14,3555,0.647059,0.611111,0.628571,0.458333
Total,34,1222,38,13118,0.02707,0.472222,0.051205,0.026275
