Property,TP,FP,FN,TN,Precision,Recall,F1,IoU
P1,2,851,4,2746,0.002345,0.333333,0.004657,0.002334
P2,6,1562,12,2023,0.003827,0.333333,0.007566,0.003797
P3,5,368,7,3223,0.013405,0.416667,0.025974,0.013158
P4,14,10,22,3557,0.583333,0.388889,0.466667,0.304348
Total,27,2791,45,11549,0.009581,0.375,0.018685,0.009431
