Property,TP,FP,FN,TN,Precision,Recall,F1,IoU
P1,3,991,3,2606,0.003018,0.5,0.006,0.003009
P2,8,1901,10,1684,0.004191,0.444444,0.008303,0.004169
P3,12,1369,0,2222,0.008689,1.0,0.017229,0.008689
P4,23,359,13,3208,0.060209,0.638889,0.110048,0.058228
Total,46,4620,26,9720,0.009859,0.638889,0.019417,0.009804
