Property,TP,FP,FN,TN,Precision,Recall,F1,IoU
P1,3,991,3,2606,0.003018,0.5,0.006,0.003009
P2,12,2464,6,1121,0.004847,0.666667,0.009623,0.004835
P3,12,1369,0,2222,0.008689,1.0,0.017229,0.008689
P4,23,359,13,3208,0.060209,0.638889,0.110048,0.058228
Total,50,5183,22,9157,0.009555,0.694444,0.01885,0.009515
