Property,TP,FP,FN,TN,Precision,Recall,F1,IoU
P1,0,89,6,3508,0.0,0.0,0.0,0.0
P2,0,174,18,3411,0.0,0.0,0.0,0.0
P3,10,84,2,3507,0.1064,0.8333,0.1887,0.1042
P4,34,15,2,3552,0.6939,0.9444,0.8,0.6667
Total,44,362,28,13978,0.108374,0.611111,0.1841,0.101382
