Property,TP,FP,FN,TN,Precision,Recall,F1,IoU,FP_pct,Denom
P1,0,89,6,3508,0.0,0.0,0.0,0.0,0.024702,3603
P2,0,174,18,3411,0.0,0.0,0.0,0.0,0.048293,3603
P3,10,20,2,3571,0.333333,0.833333,0.47619,0.3125,0.005551,3603
P4,34,0,2,3567,1.0,0.944444,0.971429,0.944444,0.0,3603
Total,44,283,28,14057,0.134557,0.611111,0.220551,0.123944,0.019636,14412
