Property,TP,FP,FN,TN,Precision,Recall,F1,IoU
P1,1,324,5,3273,0.0031,0.1667,0.006,0.003
P2,1,987,17,2598,0.001,0.0556,0.002,0.001
P3,8,77,4,3514,0.0941,0.6667,0.1649,0.0899
P4,28,18,8,3549,0.6087,0.7778,0.6829,0.5185
Total,38,1406,34,12934,0.026316,0.527778,0.050132,0.02571
