Property,TP,FP,FN,TN,Precision,Recall,F1,IoU
P1,0,80,6,3517,0.0,0.0,0.0,0.0
P2,0,272,18,3313,0.0,0.0,0.0,0.0
P3,12,103,0,3488,0.1043,1.0,0.189,0.1043
P4,35,18,1,3549,0.6604,0.9722,0.7865,0.6481
Total,47,473,25,13867,0.090385,0.652778,0.158784,0.086239
