Property,TP,FP,FN,TN,Precision,Recall,F1,IoU,FP_pct,Denom
P1,0,80,6,3517,0.0,0.0,0.0,0.0,0.022204,3603
P2,0,272,18,3313,0.0,0.0,0.0,0.0,0.075493,3603
P3,12,24,0,3567,0.333333,1.0,0.5,0.333333,0.006661,3603
P4,35,3,1,3564,0.921053,0.972222,0.945946,0.897436,0.000833,3603
Total,47,379,25,13961,0.110329,0.652778,0.188755,0.104213,0.026298,14412
