Property,TP,FP,FN,TN,Precision,Recall,F1,IoU
P1,2,446,4,3151,0.004464,0.333333,0.008811,0.004425
P2,3,506,15,3079,0.005894,0.166667,0.011385,0.005725
P3,8,32,4,3559,0.2,0.666667,0.307692,0.181818
P4,21,6,15,3561,0.777778,0.583333,0.666667,0.5
Total,34,990,38,13350,0.033203,0.472222,0.062044,0.032015
