Property,TP,FP,FN,TN,Precision,Recall,F1,IoU
P1,6,3576,0,21,0.0017,1.0,0.0033,0.0017
P2,0,0,18,3585,0.0,0.0,0.0,0.0
P3,12,92,0,3499,0.1154,1.0,0.2069,0.1154
P4,0,0,36,3567,0.0,0.0,0.0,0.0
Total,18,3668,54,10672,0.004883,0.25,0.00958,0.004813
