Property,TP,FP,FN,TN,Precision,Recall,F1,IoU
P1,1,324,5,3273,0.003077,0.166667,0.006042,0.00303
P2,6,1768,12,1817,0.003382,0.333333,0.006696,0.003359
P3,10,317,2,3274,0.030581,0.833333,0.058997,0.030395
P4,28,7,8,3560,0.8,0.777778,0.788732,0.651163
Total,45,2416,27,11924,0.018285,0.625,0.035531,0.018087
