Property,TP,FP,FN,TN,Precision,Recall,F1,IoU
P1,1,324,5,3273,0.003077,0.166667,0.006042,0.00303
P2,4,1148,14,2437,0.003472,0.222222,0.006838,0.003431
P3,10,188,2,3403,0.050505,0.833333,0.095238,0.05
P4,28,4,8,3563,0.875,0.777778,0.823529,0.7
Total,43,1664,29,12676,0.02519,0.597222,0.048342,0.02477
