Property,TP,FP,FN,TN,Precision,Recall,F1,IoU,FP_pct,Denom
P1,1,324,5,3273,0.003077,0.166667,0.006042,0.00303,0.089925,3603
P2,6,1759,12,1826,0.003399,0.333333,0.00673,0.003376,0.488204,3603
P3,10,317,2,3274,0.030581,0.833333,0.058997,0.030395,0.087982,3603
P4,28,7,8,3560,0.8,0.777778,0.788732,0.651163,0.001943,3603
Total,45,2407,27,11933,0.018352,0.625,0.035658,0.018152,0.167014,14412
