Property,TP,FP,FN,TN,Precision,Recall,F1,IoU,FP_pct,Denom
P1,1,324,5,3273,0.003077,0.166667,0.006042,0.00303,0.089925,3603
P2,5,1388,13,2197,0.003589,0.277778,0.007087,0.003556,0.385235,3603
P3,10,191,2,3400,0.049751,0.833333,0.093897,0.049261,0.053011,3603
P4,28,4,8,3563,0.875,0.777778,0.823529,0.7,0.00111,3603
Total,44,1907,28,12433,0.022553,0.611111,0.0435,0.022233,0.13232,14412
