Property,TP,FP,FN,TN,Precision,Recall,F1,IoU,FP_pct,Denom
P1,1,324,5,3273,0.003077,0.166667,0.006042,0.00303,0.089925,3603
P2,1,883,17,2702,0.001131,0.055556,0.002217,0.00111,0.245074,3603
P3,10,188,2,3403,0.050505,0.833333,0.095238,0.05,0.052179,3603
P4,28,4,8,3563,0.875,0.777778,0.823529,0.7,0.00111,3603
Total,40,1399,32,12941,0.027797,0.555556,0.052945,0.027192,0.097072,14412
