Property,TP,FP,FN,TN,Precision,Recall,F1,IoU
P1,1,324,5,3273,0.003077,0.166667,0.006042,0.00303
P2,5,1364,13,2221,0.003652,0.277778,0.00721,0.003618
P3,10,191,2,3400,0.049751,0.833333,0.093897,0.049261
P4,28,4,8,3563,0.875,0.777778,0.823529,0.7
Total,44,1883,28,12457,0.022833,0.611111,0.044022,0.022506
