Property,TP,FP,FN,TN,Precision,Recall,F1,IoU,FP_pct,Denom
P1,1,324,5,3273,0.003077,0.166667,0.006042,0.00303,0.089925,3603
P2,4,1171,14,2414,0.003404,0.222222,0.006706,0.003364,0.325007,3603
P3,10,188,2,3403,0.050505,0.833333,0.095238,0.05,0.052179,3603
P4,28,4,8,3563,0.875,0.777778,0.823529,0.7,0.00111,3603
Total,43,1687,29,12653,0.024855,0.597222,0.047725,0.024446,0.117055,14412
