Property,TP,FP,FN,TN,Precision,Recall,F1,IoU,FP_pct,Denom
P1,1,324,5,3273,0.003077,0.166667,0.006042,0.00303,0.089925,3603
P2,2,963,16,2622,0.002073,0.111111,0.004069,0.002039,0.267277,3603
P3,10,188,2,3403,0.050505,0.833333,0.095238,0.05,0.052179,3603
P4,28,4,8,3563,0.875,0.777778,0.823529,0.7,0.00111,3603
Total,41,1479,31,12861,0.026974,0.569444,0.051508,0.026435,0.102623,14412
