Property,TP,FP,FN,TN,Precision,Recall,F1,IoU
P1,1,324,5,3273,0.003077,0.166667,0.006042,0.00303
P2,1,867,17,2718,0.001152,0.055556,0.002257,0.00113
P3,10,188,2,3403,0.050505,0.833333,0.095238,0.05
P4,28,4,8,3563,0.875,0.777778,0.823529,0.7
Total,40,1383,32,12957,0.02811,0.555556,0.053512,0.027491
