Property,TP,FP,FN,TN,Precision,Recall,F1,IoU
P1,0,128,6,3469,0.0,0.0,0.0,0.0
P2,1,383,17,3202,0.0026,0.0556,0.005,0.0025
P3,11,119,1,3472,0.0846,0.9167,0.1549,0.084
P4,32,15,4,3552,0.6809,0.8889,0.7711,0.6275
Total,44,645,28,13695,0.063861,0.611111,0.115637,0.061367
