Property,TP,FP,FN,TN,Precision,Recall,F1,IoU
P1,1,329,5,3268,0.003,0.1667,0.006,0.003
P2,2,783,16,2802,0.0025,0.1111,0.005,0.0025
P3,11,104,1,3487,0.0957,0.9167,0.1732,0.0948
P4,29,14,7,3553,0.6744,0.8056,0.7342,0.58
Total,43,1230,29,13110,0.033778,0.597222,0.063941,0.033026
