Property,TP,FP,FN,TN,Precision,Recall,F1,IoU
P1,0,206,6,3391,0.0,0.0,0.0,0.0
P2,3,1152,15,2433,0.002597,0.166667,0.005115,0.002564
P3,11,613,1,2978,0.017628,0.916667,0.034591,0.0176
P4,35,378,1,3189,0.084746,0.972222,0.155902,0.084541
Total,49,2349,23,11991,0.020434,0.680556,0.039676,0.02024
