Property,TP,FP,FN,TN,Precision,Recall,F1,IoU
P1,0,205,6,3392,0.0,0.0,0.0,0.0
P2,1,654,17,2931,0.001527,0.055556,0.002972,0.001488
P3,11,278,1,3313,0.038062,0.916667,0.07309,0.037931
P4,33,27,3,3540,0.55,0.916667,0.6875,0.52381
Total,45,1164,27,13176,0.037221,0.625,0.070258,0.036408
