Property,TP,FP,FN,TN,Precision,Recall,F1,IoU,FP_pct,Denom
P1,0,206,6,3391,0.0,0.0,0.0,0.0,0.057175,3603
P2,3,1152,15,2433,0.002597,0.166667,0.005115,0.002564,0.319734,3603
P3,11,613,1,2978,0.017628,0.916667,0.034591,0.0176,0.170136,3603
P4,35,378,1,3189,0.084746,0.972222,0.155902,0.084541,0.104913,3603
Total,49,2349,23,11991,0.020434,0.680556,0.039676,0.02024,0.162989,14412
