Property,TP,FP,FN,TN,Precision,Recall,F1,IoU
P1,0,206,6,3391,0.0,0.0,0.0,0.0
P2,2,1016,16,2569,0.001965,0.111111,0.003861,0.001934
P3,11,450,1,3141,0.023861,0.916667,0.046512,0.02381
P4,33,137,3,3430,0.194118,0.916667,0.320388,0.190751
Total,46,1809,26,12531,0.024798,0.638889,0.047743,0.024455
