Property,TP,FP,FN,TN,Precision,Recall,F1,IoU,FP_pct,Denom
P1,0,206,6,3391,0.0,0.0,0.0,0.0,0.057175,3603
P2,2,927,16,2658,0.002153,0.111111,0.004224,0.002116,0.257286,3603
P3,11,347,1,3244,0.030726,0.916667,0.059459,0.030641,0.096309,3603
P4,33,59,3,3508,0.358696,0.916667,0.515625,0.347368,0.016375,3603
Total,46,1539,26,12801,0.029022,0.638889,0.055522,0.028554,0.106786,14412
