Property,TP,FP,FN,TN,Precision,Recall,F1,IoU
P1,0,206,6,3391,0.0,0.0,0.0,0.0
P2,2,906,16,2679,0.002203,0.111111,0.00432,0.002165
P3,11,450,1,3141,0.023861,0.916667,0.046512,0.02381
P4,33,137,3,3430,0.194118,0.916667,0.320388,0.190751
Total,46,1699,26,12641,0.026361,0.638889,0.050633,0.025974
