Property,TP,FP,FN,TN,Precision,Recall,F1,IoU
P1,0,206,6,3391,0.0,0.0,0.0,0.0
P2,1,762,17,2823,0.001311,0.055556,0.002561,0.001282
P3,11,347,1,3244,0.030726,0.916667,0.059459,0.030641
P4,33,59,3,3508,0.358696,0.916667,0.515625,0.347368
Total,45,1374,27,12966,0.031712,0.625,0.060362,0.03112
