Property,TP,FP,FN,TN,Precision,Recall,F1,IoU
P1,0,206,6,3391,0.0,0.0,0.0,0.0
P2,3,1102,15,2483,0.002715,0.166667,0.005343,0.002679
P3,11,613,1,2978,0.017628,0.916667,0.034591,0.0176
P4,35,378,1,3189,0.084746,0.972222,0.155902,0.084541
Total,49,2299,23,12041,0.020869,0.680556,0.040496,0.020666
