Property,TP,FP,FN,TN,Precision,Recall,F1,IoU
P1,0,203,6,3394,0.0,0.0,0.0,0.0
P2,1,590,17,2995,0.001692,0.055556,0.003284,0.001645
P3,10,218,2,3373,0.04386,0.833333,0.083333,0.043478
P4,33,17,3,3550,0.66,0.916667,0.767442,0.622642
Total,44,1028,28,13312,0.041045,0.611111,0.076923,0.04
