Property,TP,FP,FN,TN,Precision,Recall,F1,IoU
P1,0,205,6,3392,0.0,0.0,0.0,0.0
P2,2,818,16,2767,0.002439,0.111111,0.004773,0.002392
P3,11,278,1,3313,0.038062,0.916667,0.07309,0.037931
P4,33,27,3,3540,0.55,0.916667,0.6875,0.52381
Total,46,1328,26,13012,0.033479,0.638889,0.063624,0.032857
