Property,TP,FP,FN,TN,Precision,Recall,F1,IoU,FP_pct,Denom
P1,0,203,6,3394,0.0,0.0,0.0,0.0,0.056342,3603
P2,2,744,16,2841,0.002681,0.111111,0.005236,0.002625,0.206495,3603
P3,10,218,2,3373,0.04386,0.833333,0.083333,0.043478,0.060505,3603
P4,33,17,3,3550,0.66,0.916667,0.767442,0.622642,0.004718,3603
Total,45,1182,27,13158,0.036675,0.625,0.069284,0.035885,0.082015,14412
