Property,TP,FP,FN,TN,Precision,Recall,F1,IoU
P1,0,257,6,3340,0.0,0.0,0.0,0.0
P2,2,480,16,3105,0.0041,0.1111,0.008,0.004
P3,9,95,3,3496,0.0865,0.75,0.1552,0.0841
P4,31,20,5,3547,0.6078,0.8611,0.7126,0.5536
Total,42,852,30,13488,0.04698,0.583333,0.086957,0.045455
