Property,TP,FP,FN,TN,Precision,Recall,F1,IoU
P1,0,354,6,3243,0.0,0.0,0.0,0.0
P2,2,698,16,2887,0.0029,0.1111,0.0056,0.0028
P3,10,100,2,3491,0.0909,0.8333,0.1639,0.0893
P4,24,12,12,3555,0.6667,0.6667,0.6667,0.5
Total,36,1164,36,13176,0.03,0.5,0.056604,0.029126
