Property,TP,FP,FN,TN,Precision,Recall,F1,IoU
P1,1,275,5,3322,0.0036,0.1667,0.0071,0.0036
P2,1,707,17,2878,0.0014,0.0556,0.0028,0.0014
P3,8,74,4,3517,0.0976,0.6667,0.1702,0.093
P4,28,21,8,3546,0.5714,0.7778,0.6588,0.4912
Total,38,1077,34,13263,0.034081,0.527778,0.064027,0.033072
