Property,TP,FP,FN,TN,Precision,Recall,F1,IoU
P1,0,154,6,3443,0.0,0.0,0.0,0.0
P2,1,392,17,3193,0.0025,0.0556,0.0049,0.0024
P3,10,85,2,3506,0.1053,0.8333,0.1869,0.1031
P4,33,46,3,3521,0.4177,0.9167,0.5739,0.4024
Total,44,677,28,13663,0.061026,0.611111,0.110971,0.058745
