Property,TP,FP,FN,TN,Precision,Recall,F1,IoU
P1,1,327,5,3270,0.003049,0.166667,0.005988,0.003003
P2,2,938,16,2647,0.002128,0.111111,0.004175,0.002092
P3,12,253,0,3338,0.045283,1.0,0.086643,0.045283
P4,29,3,7,3564,0.90625,0.805556,0.852941,0.74359
Total,44,1521,28,12819,0.028115,0.611111,0.053757,0.027621
