Property,TP,FP,FN,TN,Precision,Recall,F1,IoU,FP_pct,Denom
P1,1,329,5,3268,0.00303,0.166667,0.005952,0.002985,0.091313,3603
P2,2,1427,16,2158,0.0014,0.111111,0.002764,0.001384,0.396059,3603
P3,12,582,0,3009,0.020202,1.0,0.039604,0.020202,0.161532,3603
P4,30,210,6,3357,0.125,0.833333,0.217391,0.121951,0.058285,3603
Total,45,2548,27,11792,0.017354,0.625,0.033771,0.017176,0.176797,14412
