Property,TP,FP,FN,TN,Precision,Recall,F1,IoU,FP_pct,Denom
P1,1,324,5,3273,0.003077,0.166667,0.006042,0.00303,0.089925,3603
P2,1,856,17,2729,0.001167,0.055556,0.002286,0.001144,0.23758,3603
P3,11,210,1,3381,0.049774,0.916667,0.094421,0.04955,0.058285,3603
P4,29,1,7,3566,0.966667,0.805556,0.878788,0.783784,0.000278,3603
Total,42,1391,30,12949,0.029309,0.583333,0.055814,0.028708,0.096517,14412
