Property,TP,FP,FN,TN,Precision,Recall,F1,IoU
P1,1,329,5,3268,0.00303,0.166667,0.005952,0.002985
P2,4,1404,14,2181,0.002841,0.222222,0.00561,0.002813
P3,12,582,0,3009,0.020202,1.0,0.039604,0.020202
P4,30,210,6,3357,0.125,0.833333,0.217391,0.121951
Total,47,2525,25,11815,0.018274,0.652778,0.035552,0.018098
