Property,TP,FP,FN,TN,Precision,Recall,F1,IoU,FP_pct,Denom
P1,1,327,5,3270,0.003049,0.166667,0.005988,0.003003,0.090758,3603
P2,2,1051,16,2534,0.001899,0.111111,0.003735,0.001871,0.291701,3603
P3,12,253,0,3338,0.045283,1.0,0.086643,0.045283,0.070219,3603
P4,29,3,7,3564,0.90625,0.805556,0.852941,0.74359,0.000833,3603
Total,44,1634,28,12706,0.026222,0.611111,0.050286,0.025791,0.113378,14412
