Property,TP,FP,FN,TN,Precision,Recall,F1,IoU
P1,1,322,5,3275,0.003096,0.166667,0.006079,0.003049
P2,0,639,18,2946,0.0,0.0,0.0,0.0
P3,11,180,1,3411,0.057592,0.916667,0.108374,0.057292
P4,29,1,7,3566,0.966667,0.805556,0.878788,0.783784
Total,41,1142,31,13198,0.034658,0.569444,0.065339,0.033773
