Property,TP,FP,FN,TN,Precision,Recall,F1,IoU
P1,1,324,5,3273,0.003077,0.166667,0.006042,0.00303
P2,0,770,18,2815,0.0,0.0,0.0,0.0
P3,11,210,1,3381,0.049774,0.916667,0.094421,0.04955
P4,29,1,7,3566,0.966667,0.805556,0.878788,0.783784
Total,41,1305,31,13035,0.030461,0.569444,0.057828,0.029775
