Property,TP,FP,FN,TN,Precision,Recall,F1,IoU
P1,1,322,5,3275,0.003096,0.166667,0.006079,0.003049
P2,1,692,17,2893,0.001443,0.055556,0.002813,0.001408
P3,11,180,1,3411,0.057592,0.916667,0.108374,0.057292
P4,29,1,7,3566,0.966667,0.805556,0.878788,0.783784
Total,42,1195,30,13145,0.033953,0.583333,0.064171,0.033149
