Property,TP,FP,FN,TN,Precision,Recall,F1,IoU
P1,1,329,5,3268,0.00303,0.166667,0.005952,0.002985
P2,2,1238,16,2347,0.001613,0.111111,0.00318,0.001592
P3,12,340,0,3251,0.034091,1.0,0.065934,0.034091
P4,29,37,7,3530,0.439394,0.805556,0.568627,0.39726
Total,44,1944,28,12396,0.022133,0.611111,0.042718,0.021825
