Property,TP,FP,FN,TN,Precision,Recall,F1,IoU
P1,1,329,5,3268,0.00303,0.166667,0.005952,0.002985
P2,3,1157,15,2428,0.002586,0.166667,0.005093,0.002553
P3,12,340,0,3251,0.034091,1.0,0.065934,0.034091
P4,29,37,7,3530,0.439394,0.805556,0.568627,0.39726
Total,45,1863,27,12477,0.023585,0.625,0.045455,0.023256
