Property,TP,FP,FN,TN,Precision,Recall,F1,IoU,FP_pct,Denom
P1,0,159,6,3438,0.0,0.0,0.0,0.0,0.04413,3603
P2,1,493,17,3092,0.002024,0.055556,0.003906,0.001957,0.13683,3603
P3,11,141,1,3450,0.072368,0.916667,0.134146,0.071895,0.039134,3603
P4,31,1,5,3566,0.96875,0.861111,0.911765,0.837838,0.000278,3603
Total,43,794,29,13546,0.051374,0.597222,0.094609,0.049654,0.055093,14412
