Property,TP,FP,FN,TN,Precision,Recall,F1,IoU,FP_pct,Denom
P1,0,159,6,3438,0.0,0.0,0.0,0.0,0.04413,3603
P2,1,595,17,2990,0.001678,0.055556,0.003257,0.001631,0.16514,3603
P3,11,168,1,3423,0.061453,0.916667,0.115183,0.061111,0.046628,3603
P4,31,3,5,3564,0.911765,0.861111,0.885714,0.794872,0.000833,3603
Total,43,925,29,13415,0.044421,0.597222,0.082692,0.043129,0.064183,14412
