Property,TP,FP,FN,TN,Precision,Recall,F1,IoU
P1,0,159,6,3438,0.0,0.0,0.0,0.0
P2,0,434,18,3151,0.0,0.0,0.0,0.0
P3,11,141,1,3450,0.072368,0.916667,0.134146,0.071895
P4,31,1,5,3566,0.96875,0.861111,0.911765,0.837838
Total,42,735,30,13605,0.054054,0.583333,0.09894,0.052045
