Property,TP,FP,FN,TN,Precision,Recall,F1,IoU
P1,0,159,6,3438,0.0,0.0,0.0,0.0
P2,0,505,18,3080,0.0,0.0,0.0,0.0
P3,11,168,1,3423,0.061453,0.916667,0.115183,0.061111
P4,31,3,5,3564,0.911765,0.861111,0.885714,0.794872
Total,42,835,30,13505,0.047891,0.583333,0.088514,0.046307
