Property,TP,FP,FN,TN,Precision,Recall,F1,IoU
P1,0,159,6,3438,0.0,0.0,0.0,0.0
P2,0,660,18,2925,0.0,0.0,0.0,0.0
P3,12,220,0,3371,0.051724,1.0,0.098361,0.051724
P4,31,30,5,3537,0.508197,0.861111,0.639175,0.469697
Total,43,1069,29,13271,0.038669,0.597222,0.072635,0.037686
