Property,TP,FP,FN,TN,Precision,Recall,F1,IoU
P1,0,159,6,3438,0.0,0.0,0.0,0.0
P2,2,847,16,2738,0.002356,0.111111,0.004614,0.002312
P3,12,340,0,3251,0.034091,1.0,0.065934,0.034091
P4,32,133,4,3434,0.193939,0.888889,0.318408,0.189349
Total,46,1479,26,12861,0.030164,0.638889,0.057608,0.029658
