Property,TP,FP,FN,TN,Precision,Recall,F1,IoU,FP_pct,Denom
P1,0,159,6,3438,0.0,0.0,0.0,0.0,0.04413,3603
P2,1,711,17,2874,0.001404,0.055556,0.00274,0.001372,0.197336,3603
P3,12,220,0,3371,0.051724,1.0,0.098361,0.051724,0.06106,3603
P4,31,30,5,3537,0.508197,0.861111,0.639175,0.469697,0.008326,3603
Total,44,1120,28,13220,0.037801,0.611111,0.071197,0.036913,0.077713,14412
