Property,TP,FP,FN,TN,Precision,Recall,F1,IoU
P1,0,159,6,3438,0.0,0.0,0.0,0.0
P2,1,865,17,2720,0.001155,0.055556,0.002262,0.001133
P3,12,340,0,3251,0.034091,1.0,0.065934,0.034091
P4,32,133,4,3434,0.193939,0.888889,0.318408,0.189349
Total,45,1497,27,12843,0.029183,0.625,0.055762,0.028681
