Property,TP,FP,FN,TN,Precision,Recall,F1,IoU
P1,0,159,6,3438,0.0,0.0,0.0,0.0
P2,1,493,17,3092,0.002024,0.055556,0.003906,0.001957
P3,11,141,1,3450,0.072368,0.916667,0.134146,0.071895
P4,31,1,5,3566,0.96875,0.861111,0.911765,0.837838
Total,43,794,29,13546,0.051374,0.597222,0.094609,0.049654
