Property,TP,FP,FN,TN,Precision,Recall,F1,IoU
P1,0,159,6,3438,0.0,0.0,0.0,0.0
P2,0,334,18,3251,0.0,0.0,0.0,0.0
P3,11,120,1,3471,0.083969,0.916667,0.153846,0.083333
P4,31,1,5,3566,0.96875,0.861111,0.911765,0.837838
Total,42,614,30,13726,0.064024,0.583333,0.115385,0.061224
