Property,TP,FP,FN,TN,Precision,Recall,F1,IoU,FP_pct,Denom
P1,0,159,6,3438,0.0,0.0,0.0,0.0,0.04413,3603
P2,0,376,18,3209,0.0,0.0,0.0,0.0,0.104357,3603
P3,11,120,1,3471,0.083969,0.916667,0.153846,0.083333,0.033306,3603
P4,31,1,5,3566,0.96875,0.861111,0.911765,0.837838,0.000278,3603
Total,42,656,30,13684,0.060172,0.583333,0.109091,0.057692,0.045518,14412
