Property,TP,FP,FN,TN,Precision,Recall,F1,IoU,FP_pct,Denom
P1,0,33,6,3564,0.0,0.0,0.0,0.0,0.009159,3603
P2,0,167,18,3418,0.0,0.0,0.0,0.0,0.04635,3603
P3,12,957,0,2634,0.012384,1.0,0.024465,0.012384,0.265612,3603
P4,0,0,36,3567,0.0,0.0,0.0,0.0,0.0,3603
Total,12,1157,60,13183,0.010265,0.166667,0.019339,0.009764,0.08028,14412
