Property,TP,FP,FN,TN,Precision,Recall,F1,IoU,FP_pct,Denom
P1,0,33,6,3564,0.0,0.0,0.0,0.0,0.009159,3603
P2,0,2366,18,1219,0.0,0.0,0.0,0.0,0.656675,3603
P3,0,0,12,3591,0.0,0.0,0.0,0.0,0.0,3603
P4,36,0,0,3567,1.0,1.0,1.0,1.0,0.0,3603
Total,36,2399,36,11941,0.014784,0.5,0.02872,0.014569,0.166459,14412
