Property,TP,FP,FN,TN,Precision,Recall,F1,IoU
P1,2,327,4,3270,0.006079,0.333333,0.01194,0.006006
P2,3,1035,15,2550,0.00289,0.166667,0.005682,0.002849
P3,9,183,3,3408,0.046875,0.75,0.088235,0.046154
P4,28,8,8,3559,0.777778,0.777778,0.777778,0.636364
Total,42,1553,30,12787,0.026332,0.583333,0.05039,0.025846
