Property,TP,FP,FN,TN,Precision,Recall,F1,IoU
P1,2,327,4,3270,0.006079,0.333333,0.01194,0.006006
P2,1,676,17,2909,0.001477,0.055556,0.002878,0.001441
P3,9,183,3,3408,0.046875,0.75,0.088235,0.046154
P4,28,8,8,3559,0.777778,0.777778,0.777778,0.636364
Total,40,1194,32,13146,0.032415,0.555556,0.061256,0.031596
