Property,TP,FP,FN,TN,Precision,Recall,F1,IoU
P1,2,327,4,3270,0.006079,0.333333,0.01194,0.006006
P2,5,1636,13,1949,0.003047,0.277778,0.006028,0.003023
P3,9,290,3,3301,0.0301,0.75,0.057878,0.029801
P4,28,15,8,3552,0.651163,0.777778,0.708861,0.54902
Total,44,2268,28,12072,0.019031,0.611111,0.036913,0.018803
