Property,TP,FP,FN,TN,Precision,Recall,F1,IoU,FP_pct,Denom
P1,2,327,4,3270,0.006079,0.333333,0.01194,0.006006,0.090758,3603
P2,3,1026,15,2559,0.002915,0.166667,0.005731,0.002874,0.284763,3603
P3,9,183,3,3408,0.046875,0.75,0.088235,0.046154,0.050791,3603
P4,28,8,8,3559,0.777778,0.777778,0.777778,0.636364,0.00222,3603
Total,42,1544,30,12796,0.026482,0.583333,0.050663,0.02599,0.107133,14412
