Property,TP,FP,FN,TN,Precision,Recall,F1,IoU
P1,2,327,4,3270,0.006079,0.333333,0.01194,0.006006
P2,2,793,16,2792,0.002516,0.111111,0.00492,0.002466
P3,9,183,3,3408,0.046875,0.75,0.088235,0.046154
P4,28,8,8,3559,0.777778,0.777778,0.777778,0.636364
Total,41,1311,31,13029,0.030325,0.569444,0.057584,0.029646
