Property,TP,FP,FN,TN,Precision,Recall,F1,IoU
P1,2,327,4,3270,0.006079,0.333333,0.01194,0.006006
P2,4,1658,14,1927,0.002407,0.222222,0.004762,0.002387
P3,9,290,3,3301,0.0301,0.75,0.057878,0.029801
P4,28,15,8,3552,0.651163,0.777778,0.708861,0.54902
Total,43,2290,29,12050,0.018431,0.597222,0.035759,0.018205
