Property,TP,FP,FN,TN,Precision,Recall,F1,IoU
P1,2,327,4,3270,0.006079,0.333333,0.01194,0.006006
P2,1,678,17,2907,0.001473,0.055556,0.002869,0.001437
P3,9,183,3,3408,0.046875,0.75,0.088235,0.046154
P4,28,8,8,3559,0.777778,0.777778,0.777778,0.636364
Total,40,1196,32,13144,0.032362,0.555556,0.061162,0.031546
