Property,TP,FP,FN,TN,Precision,Recall,F1,IoU,FP_pct,Denom
P1,2,327,4,3270,0.006079,0.333333,0.01194,0.006006,0.090758,3603
P2,1,785,17,2800,0.001272,0.055556,0.002488,0.001245,0.217874,3603
P3,9,183,3,3408,0.046875,0.75,0.088235,0.046154,0.050791,3603
P4,28,8,8,3559,0.777778,0.777778,0.777778,0.636364,0.00222,3603
Total,40,1303,32,13037,0.029784,0.555556,0.056537,0.029091,0.090411,14412
