Property,TP,FP,FN,TN,Precision,Recall,F1,IoU
P1,2,327,4,3270,0.006079,0.333333,0.01194,0.006006
P2,4,1268,14,2317,0.003145,0.222222,0.006202,0.00311
P3,9,190,3,3401,0.045226,0.75,0.085308,0.044554
P4,28,8,8,3559,0.777778,0.777778,0.777778,0.636364
Total,43,1793,29,12547,0.02342,0.597222,0.045073,0.023056
