Property,TP,FP,FN,TN,Precision,Recall,F1,IoU,FP_pct,Denom
P1,2,327,4,3270,0.006079,0.333333,0.01194,0.006006,0.090758,3603
P2,5,1636,13,1949,0.003047,0.277778,0.006028,0.003023,0.454066,3603
P3,9,290,3,3301,0.0301,0.75,0.057878,0.029801,0.080488,3603
P4,28,15,8,3552,0.651163,0.777778,0.708861,0.54902,0.004163,3603
Total,44,2268,28,12072,0.019031,0.611111,0.036913,0.018803,0.157369,14412
