Property,TP,FP,FN,TN,Precision,Recall,F1,IoU
P1,2,327,4,3270,0.006079,0.333333,0.01194,0.006006
P2,3,1281,15,2304,0.002336,0.166667,0.004608,0.002309
P3,9,190,3,3401,0.045226,0.75,0.085308,0.044554
P4,28,8,8,3559,0.777778,0.777778,0.777778,0.636364
Total,42,1806,30,12534,0.022727,0.583333,0.04375,0.022364
