Property,TP,FP,FN,TN,Precision,Recall,F1,IoU,FP_pct,Denom
P1,6,3576,0,21,0.001675,1.0,0.003344,0.001675,0.992506,3603
P2,0,0,18,3585,0.0,0.0,0.0,0.0,0.0,3603
P3,12,24,0,3567,0.333333,1.0,0.5,0.333333,0.006661,3603
P4,0,0,36,3567,0.0,0.0,0.0,0.0,0.0,3603
Total,18,3600,54,10740,0.004975,0.25,0.009756,0.004902,0.249792,14412
