Property,TP,FP,FN,TN,Precision,Recall,F1,IoU,FP_pct,Denom
P1,0,134,6,3463,0.0,0.0,0.0,0.0,0.037191,3603
P2,0,345,18,3240,0.0,0.0,0.0,0.0,0.095754,3603
P3,12,85,0,3506,0.123711,1.0,0.220183,0.123711,0.023591,3603
P4,32,1,4,3566,0.969697,0.888889,0.927536,0.864865,0.000278,3603
Total,44,565,28,13775,0.07225,0.611111,0.129222,0.069074,0.039203,14412
