Property,TP,FP,FN,TN,Precision,Recall,F1,IoU,FP_pct,Denom
P1,0,134,6,3463,0.0,0.0,0.0,0.0,0.037191,3603
P2,0,570,18,3015,0.0,0.0,0.0,0.0,0.158201,3603
P3,12,92,0,3499,0.115385,1.0,0.206897,0.115385,0.025534,3603
P4,32,1,4,3566,0.969697,0.888889,0.927536,0.864865,0.000278,3603
Total,44,797,28,13543,0.052319,0.611111,0.096386,0.050633,0.055301,14412
