Property,TP,FP,FN,TN,Precision,Recall,F1,IoU
P1,0,134,6,3463,0.0,0.0,0.0,0.0
P2,0,569,18,3016,0.0,0.0,0.0,0.0
P3,12,92,0,3499,0.115385,1.0,0.206897,0.115385
P4,32,1,4,3566,0.969697,0.888889,0.927536,0.864865
Total,44,796,28,13544,0.052381,0.611111,0.096491,0.050691
