Property,TP,FP,FN,TN,Precision,Recall,F1,IoU
P1,0,134,6,3463,0.0,0.0,0.0,0.0
P2,0,392,18,3193,0.0,0.0,0.0,0.0
P3,12,85,0,3506,0.123711,1.0,0.220183,0.123711
P4,32,1,4,3566,0.969697,0.888889,0.927536,0.864865
Total,44,612,28,13728,0.067073,0.611111,0.120879,0.064327
