Property,TP,FP,FN,TN,Precision,Recall,F1,IoU
P1,0,134,6,3463,0.0,0.0,0.0,0.0
P2,0,395,18,3190,0.0,0.0,0.0,0.0
P3,12,85,0,3506,0.123711,1.0,0.220183,0.123711
P4,32,1,4,3566,0.969697,0.888889,0.927536,0.864865
Total,44,615,28,13725,0.066768,0.611111,0.120383,0.064047
