Property,TP,FP,FN,TN,Precision,Recall,F1,IoU
P1,1,275,5,3322,0.0036,0.1667,0.0071,0.0036
P2,0,461,18,3124,0.0,0.0,0.0,0.0
P3,9,87,3,3504,0.0937,0.75,0.1667,0.0909
P4,28,21,8,3546,0.5714,0.7778,0.6588,0.4912
Total,38,844,34,13496,0.043084,0.527778,0.079665,0.041485
