Property,TP,FP,FN,TN,Precision,Recall,F1,IoU,FP_pct,Denom
P1,1,275,5,3322,0.003623,0.166667,0.007092,0.003559,0.076325,3603
P2,0,461,18,3124,0.0,0.0,0.0,0.0,0.127949,3603
P3,10,26,2,3565,0.277778,0.833333,0.416667,0.263158,0.007216,3603
P4,28,10,8,3557,0.736842,0.777778,0.756757,0.608696,0.002775,3603
Total,39,772,33,13568,0.048089,0.541667,0.088335,0.046209,0.053566,14412
