Property,TP,FP,FN,TN,Precision,Recall,F1,IoU,FP_pct,Denom
P1,2,880,4,2717,0.002268,0.333333,0.004505,0.002257,0.244241,3603
P2,9,2704,9,881,0.003317,0.5,0.006591,0.003306,0.750486,3603
P3,9,913,3,2678,0.009761,0.75,0.019272,0.00973,0.2534,3603
P4,18,14,18,3553,0.5625,0.5,0.529412,0.36,0.003886,3603
Total,38,4511,34,9829,0.008353,0.527778,0.016447,0.008292,0.313003,14412
