Property,TP,FP,FN,TN,Precision,Recall,F1,IoU
P1,2,880,4,2717,0.002268,0.333333,0.004505,0.002257
P2,9,2616,9,969,0.003429,0.5,0.00681,0.003417
P3,7,317,5,3274,0.021605,0.583333,0.041667,0.021277
P4,18,14,18,3553,0.5625,0.5,0.529412,0.36
Total,36,3827,36,10513,0.009319,0.5,0.018297,0.009233
