Property,TP,FP,FN,TN,Precision,Recall,F1,IoU
P1,2,880,4,2717,0.002268,0.333333,0.004505,0.002257
P2,9,2475,9,1110,0.003623,0.5,0.007194,0.00361
P3,9,913,3,2678,0.009761,0.75,0.019272,0.00973
P4,18,14,18,3553,0.5625,0.5,0.529412,0.36
Total,38,4282,34,10058,0.008796,0.527778,0.017304,0.008728
