Property,TP,FP,FN,TN,Precision,Recall,F1,IoU,FP_pct,Denom
P1,2,880,4,2717,0.002268,0.333333,0.004505,0.002257,0.244241,3603
P2,9,2062,9,1523,0.004346,0.5,0.008617,0.004327,0.572301,3603
P3,7,317,5,3274,0.021605,0.583333,0.041667,0.021277,0.087982,3603
P4,18,14,18,3553,0.5625,0.5,0.529412,0.36,0.003886,3603
Total,36,3273,36,11067,0.010879,0.5,0.021295,0.010762,0.227102,14412
