Property,TP,FP,FN,TN,Precision,Recall,F1,IoU
P1,1,275,5,3322,0.003623,0.166667,0.007092,0.003559
P2,1,818,17,2767,0.001221,0.055556,0.002389,0.001196
P3,11,183,1,3408,0.056701,0.916667,0.106796,0.05641
P4,28,10,8,3557,0.736842,0.777778,0.756757,0.608696
Total,41,1286,31,13054,0.030897,0.569444,0.058613,0.030191
