Property,TP,FP,FN,TN,Precision,Recall,F1,IoU,FP_pct,Denom
P1,1,275,5,3322,0.003623,0.166667,0.007092,0.003559,0.076325,3603
P2,2,975,16,2610,0.002047,0.111111,0.00402,0.002014,0.270608,3603
P3,11,243,1,3348,0.043307,0.916667,0.082707,0.043137,0.067444,3603
P4,28,17,8,3550,0.622222,0.777778,0.691358,0.528302,0.004718,3603
Total,42,1510,30,12830,0.027062,0.583333,0.051724,0.026549,0.104774,14412
