Property,TP,FP,FN,TN,Precision,Recall,F1,IoU
P1,1,275,5,3322,0.003623,0.166667,0.007092,0.003559
P2,2,1241,16,2344,0.001609,0.111111,0.003172,0.001589
P3,11,585,1,3006,0.018456,0.916667,0.036184,0.018425
P4,32,256,4,3311,0.111111,0.888889,0.197531,0.109589
Total,46,2357,26,11983,0.019143,0.638889,0.037172,0.018938
