Property,TP,FP,FN,TN,Precision,Recall,F1,IoU
P1,1,275,5,3322,0.003623,0.166667,0.007092,0.003559
P2,1,604,17,2981,0.001653,0.055556,0.00321,0.001608
P3,10,145,2,3446,0.064516,0.833333,0.11976,0.063694
P4,28,10,8,3557,0.736842,0.777778,0.756757,0.608696
Total,40,1034,32,13306,0.037244,0.555556,0.069808,0.036166
