Property,TP,FP,FN,TN,Precision,Recall,F1,IoU,FP_pct,Denom
P1,1,275,5,3322,0.003623,0.166667,0.007092,0.003559,0.076325,3603
P2,2,1112,16,2473,0.001795,0.111111,0.003534,0.00177,0.308632,3603
P3,11,350,1,3241,0.030471,0.916667,0.058981,0.030387,0.097141,3603
P4,29,52,7,3515,0.358025,0.805556,0.495726,0.329545,0.014432,3603
Total,43,1789,29,12551,0.023472,0.597222,0.045168,0.023106,0.124133,14412
