Property,TP,FP,FN,TN,Precision,Recall,F1,IoU,FP_pct,Denom
P1,1,275,5,3322,0.003623,0.166667,0.007092,0.003559,0.076325,3603
P2,2,1270,16,2315,0.001572,0.111111,0.003101,0.001553,0.352484,3603
P3,11,585,1,3006,0.018456,0.916667,0.036184,0.018425,0.162365,3603
P4,32,256,4,3311,0.111111,0.888889,0.197531,0.109589,0.071052,3603
Total,46,2386,26,11954,0.018914,0.638889,0.036741,0.018714,0.165556,14412
