Property,TP,FP,FN,TN,Precision,Recall,F1,IoU
P1,1,275,5,3322,0.003623,0.166667,0.007092,0.003559
P2,2,851,16,2734,0.002345,0.111111,0.004592,0.002301
P3,11,243,1,3348,0.043307,0.916667,0.082707,0.043137
P4,28,17,8,3550,0.622222,0.777778,0.691358,0.528302
Total,42,1386,30,12954,0.029412,0.583333,0.056,0.028807
