Property,TP,FP,FN,TN,Precision,Recall,F1,IoU
P1,1,275,5,3322,0.003623,0.166667,0.007092,0.003559
P2,1,710,17,2875,0.001406,0.055556,0.002743,0.001374
P3,10,145,2,3446,0.064516,0.833333,0.11976,0.063694
P4,28,10,8,3557,0.736842,0.777778,0.756757,0.608696
Total,40,1140,32,13200,0.033898,0.555556,0.063898,0.033003
