Property,TP,FP,FN,TN,Precision,Recall,F1,IoU
P1,0,91,6,3506,0.0,0.0,0.0,0.0
P2,0,329,18,3256,0.0,0.0,0.0,0.0
P3,12,115,0,3476,0.0945,1.0,0.1727,0.0945
P4,36,21,0,3546,0.6316,1.0,0.7742,0.6316
Total,48,556,24,13784,0.07947,0.666667,0.142012,0.076433
