Property,TP,FP,FN,TN,Precision,Recall,F1,IoU
P1,0,91,6,3506,0.0,0.0,0.0,0.0
P2,0,329,18,3256,0.0,0.0,0.0,0.0
P3,12,24,0,3567,0.333333,1.0,0.5,0.333333
P4,36,6,0,3561,0.857143,1.0,0.923077,0.857143
Total,48,450,24,13890,0.096386,0.666667,0.168421,0.091954
