Property,TP,FP,FN,TN,Precision,Recall,F1,IoU,FP_pct,Denom
P1,0,91,6,3506,0.0,0.0,0.0,0.0,0.025257,3603
P2,0,329,18,3256,0.0,0.0,0.0,0.0,0.091313,3603
P3,12,24,0,3567,0.333333,1.0,0.5,0.333333,0.006661,3603
P4,36,6,0,3561,0.857143,1.0,0.923077,0.857143,0.001665,3603
Total,48,450,24,13890,0.096386,0.666667,0.168421,0.091954,0.031224,14412
