Property,TP,FP,FN,TN,Precision,Recall,F1,IoU
P1,0,206,6,3391,0.0,0.0,0.0,0.0
P2,0,397,18,3188,0.0,0.0,0.0,0.0
P3,9,76,3,3515,0.1059,0.75,0.1856,0.1023
P4,33,23,3,3544,0.5893,0.9167,0.7174,0.5593
Total,42,702,30,13638,0.056452,0.583333,0.102941,0.054264
