Property,TP,FP,FN,TN,Precision,Recall,F1,IoU,FP_pct,Denom
P1,0,206,6,3391,0.0,0.0,0.0,0.0,0.057175,3603
P2,0,397,18,3188,0.0,0.0,0.0,0.0,0.110186,3603
P3,10,26,2,3565,0.277778,0.833333,0.416667,0.263158,0.007216,3603
P4,33,9,3,3558,0.785714,0.916667,0.846154,0.733333,0.002498,3603
Total,43,638,29,13702,0.063142,0.597222,0.11421,0.060563,0.044269,14412
