Property,TP,FP,FN,TN,Precision,Recall,F1,IoU
P1,0,206,6,3391,0.0,0.0,0.0,0.0
P2,0,397,18,3188,0.0,0.0,0.0,0.0
P3,10,26,2,3565,0.277778,0.833333,0.416667,0.263158
P4,33,9,3,3558,0.785714,0.916667,0.846154,0.733333
Total,43,638,29,13702,0.063142,0.597222,0.11421,0.060563
