Property,TP,FP,FN,TN,Precision,Recall,F1,IoU
P1,3,991,3,2606,0.003,0.5,0.006,0.003
P2,6,1617,12,1968,0.0037,0.3333,0.0073,0.0037
P3,4,35,8,3556,0.1026,0.3333,0.1569,0.0851
P4,14,15,22,3552,0.4828,0.3889,0.4308,0.2745
Total,27,2658,45,11682,0.010056,0.375,0.019587,0.00989
