Property,TP,FP,FN,TN,Precision,Recall,F1,IoU
P1,1,408,5,3189,0.0024,0.1667,0.0048,0.0024
P2,0,774,18,2811,0.0,0.0,0.0,0.0
P3,9,110,3,3481,0.0756,0.75,0.1374,0.0738
P4,22,23,14,3544,0.4889,0.6111,0.5432,0.3729
Total,32,1315,40,13025,0.023756,0.444444,0.045102,0.023071
