Property,TP,FP,FN,TN,Precision,Recall,F1,IoU,FP_pct,Denom
P1,3,991,3,2606,0.003018,0.5,0.006,0.003009,0.275049,3603
P2,2,294,16,3291,0.006757,0.111111,0.012739,0.00641,0.081599,3603
P3,5,18,7,3573,0.217391,0.416667,0.285714,0.166667,0.004996,3603
P4,14,10,22,3557,0.583333,0.388889,0.466667,0.304348,0.002775,3603
Total,24,1313,48,13027,0.017951,0.333333,0.034067,0.017329,0.091105,14412
