Property,TP,FP,FN,TN,Precision,Recall,F1,IoU
P1,3,991,3,2606,0.003018,0.5,0.006,0.003009
P2,2,294,16,3291,0.006757,0.111111,0.012739,0.00641
P3,5,18,7,3573,0.217391,0.416667,0.285714,0.166667
P4,14,10,22,3557,0.583333,0.388889,0.466667,0.304348
Total,24,1313,48,13027,0.017951,0.333333,0.034067,0.017329
