Property,TP,FP,FN,TN,Precision,Recall,F1,IoU,FP_pct,Denom
P1,0,171,6,3426,0.0,0.0,0.0,0.0,0.04746,3603
P2,0,460,18,3125,0.0,0.0,0.0,0.0,0.127671,3603
P3,12,126,0,3465,0.086957,1.0,0.16,0.086957,0.034971,3603
P4,31,1,5,3566,0.96875,0.861111,0.911765,0.837838,0.000278,3603
Total,43,758,29,13582,0.053683,0.597222,0.098511,0.051807,0.052595,14412
