Property,TP,FP,FN,TN,Precision,Recall,F1,IoU,FP_pct,Denom
P1,0,171,6,3426,0.0,0.0,0.0,0.0,0.04746,3603
P2,1,701,17,2884,0.001425,0.055556,0.002778,0.001391,0.19456,3603
P3,12,126,0,3465,0.086957,1.0,0.16,0.086957,0.034971,3603
P4,31,1,5,3566,0.96875,0.861111,0.911765,0.837838,0.000278,3603
Total,44,999,28,13341,0.042186,0.611111,0.078924,0.041083,0.069317,14412
