Property,TP,FP,FN,TN,Precision,Recall,F1,IoU
P1,0,171,6,3426,0.0,0.0,0.0,0.0
P2,1,696,17,2889,0.001435,0.055556,0.002797,0.001401
P3,12,126,0,3465,0.086957,1.0,0.16,0.086957
P4,31,1,5,3566,0.96875,0.861111,0.911765,0.837838
Total,44,994,28,13346,0.042389,0.611111,0.079279,0.041276
