Property,TP,FP,FN,TN,Precision,Recall,F1,IoU
P1,0,171,6,3426,0.0,0.0,0.0,0.0
P2,1,1007,17,2578,0.000992,0.055556,0.001949,0.000976
P3,12,157,0,3434,0.071006,1.0,0.132597,0.071006
P4,31,1,5,3566,0.96875,0.861111,0.911765,0.837838
Total,44,1336,28,13004,0.031884,0.611111,0.060606,0.03125
