Property,TP,FP,FN,TN,Precision,Recall,F1,IoU
P1,0,171,6,3426,0.0,0.0,0.0,0.0
P2,0,484,18,3101,0.0,0.0,0.0,0.0
P3,12,126,0,3465,0.086957,1.0,0.16,0.086957
P4,31,1,5,3566,0.96875,0.861111,0.911765,0.837838
Total,43,782,29,13558,0.052121,0.597222,0.095875,0.050351
