Property,TP,FP,FN,TN,Precision,Recall,F1,IoU
P1,0,171,6,3426,0.0,0.0,0.0,0.0
P2,1,1016,17,2569,0.000983,0.055556,0.001932,0.000967
P3,12,157,0,3434,0.071006,1.0,0.132597,0.071006
P4,31,1,5,3566,0.96875,0.861111,0.911765,0.837838
Total,44,1345,28,12995,0.031677,0.611111,0.060233,0.031052
