Property,TP,FP,FN,TN,Precision,Recall,F1,IoU
P1,0,159,6,3438,0.0,0.0,0.0,0.0
P2,0,256,18,3329,0.0,0.0,0.0,0.0
P3,12,122,0,3469,0.0896,1.0,0.1644,0.0896
P4,31,15,5,3552,0.6739,0.8611,0.7561,0.6078
Total,43,552,29,13788,0.072269,0.597222,0.128936,0.06891
