Property,TP,FP,FN,TN,Precision,Recall,F1,IoU,FP_pct,Denom
P1,0,159,6,3438,0.0,0.0,0.0,0.0,0.04413,3603
P2,0,256,18,3329,0.0,0.0,0.0,0.0,0.071052,3603
P3,12,31,0,3560,0.27907,1.0,0.436364,0.27907,0.008604,3603
P4,31,1,5,3566,0.96875,0.861111,0.911765,0.837838,0.000278,3603
Total,43,447,29,13893,0.087755,0.597222,0.153025,0.082852,0.031016,14412
