Property,TP,FP,FN,TN,Precision,Recall,F1,IoU
P1,0,257,6,3340,0.0,0.0,0.0,0.0
P2,0,149,18,3436,0.0,0.0,0.0,0.0
P3,9,95,3,3496,0.0865,0.75,0.1552,0.0841
P4,31,20,5,3547,0.6078,0.8611,0.7126,0.5536
Total,40,521,32,13819,0.071301,0.555556,0.126382,0.067454
