Property,TP,FP,FN,TN,Precision,Recall,F1,IoU,FP_pct,Denom
P1,0,257,6,3340,0.0,0.0,0.0,0.0,0.071329,3603
P2,0,149,18,3436,0.0,0.0,0.0,0.0,0.041354,3603
P3,9,30,3,3561,0.230769,0.75,0.352941,0.214286,0.008326,3603
P4,31,8,5,3559,0.794872,0.861111,0.826667,0.704545,0.00222,3603
Total,40,444,32,13896,0.082645,0.555556,0.143885,0.077519,0.030808,14412
