Property,TP,FP,FN,TN,Precision,Recall,F1,IoU
P1,0,128,6,3469,0.0,0.0,0.0,0.0
P2,3,694,15,2891,0.004304,0.166667,0.008392,0.004213
P3,12,367,0,3224,0.031662,1.0,0.061381,0.031662
P4,34,206,2,3361,0.141667,0.944444,0.246377,0.140496
Total,49,1395,23,12945,0.033934,0.680556,0.064644,0.033401
