Property,TP,FP,FN,TN,Precision,Recall,F1,IoU
P1,0,128,6,3469,0.0,0.0,0.0,0.0
P2,1,605,17,2980,0.00165,0.055556,0.003205,0.001605
P3,12,276,0,3315,0.041667,1.0,0.08,0.041667
P4,33,81,3,3486,0.289474,0.916667,0.44,0.282051
Total,46,1090,26,13250,0.040493,0.638889,0.076159,0.039587
