Property,TP,FP,FN,TN,Precision,Recall,F1,IoU
P1,0,128,6,3469,0.0,0.0,0.0,0.0
P2,2,579,16,3006,0.003442,0.111111,0.006678,0.00335
P3,11,224,1,3367,0.046809,0.916667,0.089069,0.04661
P4,32,27,4,3540,0.542373,0.888889,0.673684,0.507937
Total,45,958,27,13382,0.044865,0.625,0.083721,0.043689
