Property,TP,FP,FN,TN,Precision,Recall,F1,IoU,FP_pct,Denom
P1,0,128,6,3469,0.0,0.0,0.0,0.0,0.035526,3603
P2,2,579,16,3006,0.003442,0.111111,0.006678,0.00335,0.160699,3603
P3,11,224,1,3367,0.046809,0.916667,0.089069,0.04661,0.06217,3603
P4,32,27,4,3540,0.542373,0.888889,0.673684,0.507937,0.007494,3603
Total,45,958,27,13382,0.044865,0.625,0.083721,0.043689,0.066472,14412
