Property,TP,FP,FN,TN,Precision,Recall,F1,IoU
P1,0,128,6,3469,0.0,0.0,0.0,0.0
P2,1,384,17,3201,0.002597,0.055556,0.004963,0.002488
P3,11,192,1,3399,0.054187,0.916667,0.102326,0.053922
P4,32,11,4,3556,0.744186,0.888889,0.810127,0.680851
Total,44,715,28,13625,0.057971,0.611111,0.105897,0.055909
