Property,TP,FP,FN,TN,Precision,Recall,F1,IoU
P1,0,128,6,3469,0.0,0.0,0.0,0.0
P2,2,481,16,3104,0.004141,0.111111,0.007984,0.004008
P3,11,192,1,3399,0.054187,0.916667,0.102326,0.053922
P4,32,11,4,3556,0.744186,0.888889,0.810127,0.680851
Total,45,812,27,13528,0.052509,0.625,0.096878,0.050905
