Property,TP,FP,FN,TN,Precision,Recall,F1,IoU
P1,0,128,6,3469,0.0,0.0,0.0,0.0
P2,0,320,18,3265,0.0,0.0,0.0,0.0
P3,11,158,1,3433,0.065089,0.916667,0.121547,0.064706
P4,32,3,4,3564,0.914286,0.888889,0.901408,0.820513
Total,43,609,29,13731,0.065951,0.597222,0.118785,0.063142
