Property,TP,FP,FN,TN,Precision,Recall,F1,IoU,FP_pct,Denom
P1,0,128,6,3469,0.0,0.0,0.0,0.0,0.035526,3603
P2,0,411,18,3174,0.0,0.0,0.0,0.0,0.114072,3603
P3,11,158,1,3433,0.065089,0.916667,0.121547,0.064706,0.043852,3603
P4,32,3,4,3564,0.914286,0.888889,0.901408,0.820513,0.000833,3603
Total,43,700,29,13640,0.057873,0.597222,0.105521,0.055699,0.048571,14412
