Property,TP,FP,FN,TN,Precision,Recall,F1,IoU
P1,0,128,6,3469,0.0,0.0,0.0,0.0
P2,1,491,17,3094,0.002033,0.055556,0.003922,0.001965
P3,11,224,1,3367,0.046809,0.916667,0.089069,0.04661
P4,32,27,4,3540,0.542373,0.888889,0.673684,0.507937
Total,44,870,28,13470,0.04814,0.611111,0.089249,0.046709
