Property,TP,FP,FN,TN,Precision,Recall,F1,IoU,FP_pct,Denom
P1,0,128,6,3469,0.0,0.0,0.0,0.0,0.035526,3603
P2,2,658,16,2927,0.00303,0.111111,0.0059,0.002959,0.182626,3603
P3,12,276,0,3315,0.041667,1.0,0.08,0.041667,0.076603,3603
P4,33,81,3,3486,0.289474,0.916667,0.44,0.282051,0.022481,3603
Total,47,1143,25,13197,0.039496,0.652778,0.074485,0.038683,0.079309,14412
