Property,TP,FP,FN,TN,Precision,Recall,F1,IoU
P1,0,128,6,3469,0.0,0.0,0.0,0.0
P2,2,717,16,2868,0.002782,0.111111,0.005427,0.002721
P3,12,367,0,3224,0.031662,1.0,0.061381,0.031662
P4,34,206,2,3361,0.141667,0.944444,0.246377,0.140496
Total,48,1418,24,12922,0.032742,0.666667,0.062419,0.032215
