Property,TP,FP,FN,TN,Precision,Recall,F1,IoU
P1,0,128,6,3469,0.0,0.0,0.0,0.0
P2,2,658,16,2927,0.00303,0.111111,0.0059,0.002959
P3,12,276,0,3315,0.041667,1.0,0.08,0.041667
P4,33,81,3,3486,0.289474,0.916667,0.44,0.282051
Total,47,1143,25,13197,0.039496,0.652778,0.074485,0.038683
