Property,TP,FP,FN,TN,Precision,Recall,F1,IoU
P1,0,128,6,3469,0.0,0.0,0.0,0.0
P2,0,211,18,3374,0.0,0.0,0.0,0.0
P3,12,122,0,3469,0.0896,1.0,0.1644,0.0896
P4,32,15,4,3552,0.6809,0.8889,0.7711,0.6275
Total,44,476,28,13864,0.084615,0.611111,0.148649,0.080292
