Property,TP,FP,FN,TN,Precision,Recall,F1,IoU,FP_pct,Denom
P1,0,128,6,3469,0.0,0.0,0.0,0.0,0.035526,3603
P2,0,211,18,3374,0.0,0.0,0.0,0.0,0.058562,3603
P3,12,34,0,3557,0.26087,1.0,0.413793,0.26087,0.009437,3603
P4,32,3,4,3564,0.914286,0.888889,0.901408,0.820513,0.000833,3603
Total,44,376,28,13964,0.104762,0.611111,0.178862,0.098214,0.026089,14412
