Property,TP,FP,FN,TN,Precision,Recall,F1,IoU
P1,0,128,6,3469,0.0,0.0,0.0,0.0
P2,0,211,18,3374,0.0,0.0,0.0,0.0
P3,12,34,0,3557,0.26087,1.0,0.413793,0.26087
P4,32,3,4,3564,0.914286,0.888889,0.901408,0.820513
Total,44,376,28,13964,0.104762,0.611111,0.178862,0.098214
