Property,TP,FP,FN,TN,Precision,Recall,F1,IoU
P1,2,446,4,3151,0.0045,0.3333,0.0088,0.0044
P2,3,506,15,3079,0.0059,0.1667,0.0114,0.0057
P3,7,91,5,3500,0.0714,0.5833,0.1273,0.068
P4,21,21,15,3546,0.5,0.5833,0.5385,0.3684
Total,33,1064,39,13276,0.030082,0.458333,0.056459,0.029049
