Property,TP,FP,FN,TN,Precision,Recall,F1,IoU
P1,2,446,4,3151,0.0045,0.3333,0.0088,0.0044
P2,3,717,15,2868,0.0042,0.1667,0.0081,0.0041
P3,7,91,5,3500,0.0714,0.5833,0.1273,0.068
P4,21,21,15,3546,0.5,0.5833,0.5385,0.3684
Total,33,1275,39,13065,0.025229,0.458333,0.047826,0.024499
