Property,TP,FP,FN,TN,Precision,Recall,F1,IoU
P1,0,99,6,3498,0.0,0.0,0.0,0.0
P2,1,517,17,3068,0.001931,0.055556,0.003731,0.001869
P3,12,349,0,3242,0.033241,1.0,0.064343,0.033241
P4,34,157,2,3410,0.17801,0.944444,0.299559,0.176166
Total,47,1122,25,13218,0.040205,0.652778,0.075745,0.039363
