Property,TP,FP,FN,TN,Precision,Recall,F1,IoU
P1,0,96,6,3501,0.0,0.0,0.0,0.0
P2,1,422,17,3163,0.002364,0.055556,0.004535,0.002273
P3,11,310,1,3281,0.034268,0.916667,0.066066,0.034161
P4,34,113,2,3454,0.231293,0.944444,0.371585,0.228188
Total,46,941,26,13399,0.046606,0.638889,0.086874,0.04541
