Property,TP,FP,FN,TN,Precision,Recall,F1,IoU
P1,0,94,6,3503,0.0,0.0,0.0,0.0
P2,1,383,17,3202,0.002604,0.055556,0.004975,0.002494
P3,11,266,1,3325,0.039711,0.916667,0.076125,0.039568
P4,34,79,2,3488,0.300885,0.944444,0.456376,0.295652
Total,46,822,26,13518,0.052995,0.638889,0.097872,0.051454
