Property,TP,FP,FN,TN,Precision,Recall,F1,IoU
P1,0,111,6,3486,0.0,0.0,0.0,0.0
P2,2,639,16,2946,0.00312,0.111111,0.00607,0.003044
P3,12,448,0,3143,0.026087,1.0,0.050847,0.026087
P4,35,353,1,3214,0.090206,0.972222,0.165094,0.089974
Total,49,1551,23,12789,0.030625,0.680556,0.058612,0.030191
