Property,TP,FP,FN,TN,Precision,Recall,F1,IoU
P1,0,96,6,3501,0.0,0.0,0.0,0.0
P2,2,546,16,3039,0.00365,0.111111,0.007067,0.003546
P3,11,310,1,3281,0.034268,0.916667,0.066066,0.034161
P4,34,113,2,3454,0.231293,0.944444,0.371585,0.228188
Total,47,1065,25,13275,0.042266,0.652778,0.079392,0.041337
