Property,TP,FP,FN,TN,Precision,Recall,F1,IoU
P1,0,103,6,3494,0.0,0.0,0.0,0.0
P2,1,564,17,3021,0.00177,0.055556,0.003431,0.001718
P3,12,394,0,3197,0.029557,1.0,0.057416,0.029557
P4,34,232,2,3335,0.12782,0.944444,0.225166,0.126866
Total,47,1293,25,13047,0.035075,0.652778,0.066572,0.034432
