Property,TP,FP,FN,TN,Precision,Recall,F1,IoU
P1,0,99,6,3498,0.0,0.0,0.0,0.0
P2,2,617,16,2968,0.003231,0.111111,0.006279,0.00315
P3,12,349,0,3242,0.033241,1.0,0.064343,0.033241
P4,34,157,2,3410,0.17801,0.944444,0.299559,0.176166
Total,48,1222,24,13118,0.037795,0.666667,0.071535,0.037094
