Property,TP,FP,FN,TN,Precision,Recall,F1,IoU,FP_pct,Denom
P1,0,103,6,3494,0.0,0.0,0.0,0.0,0.028587,3603
P2,2,654,16,2931,0.003049,0.111111,0.005935,0.002976,0.181515,3603
P3,12,394,0,3197,0.029557,1.0,0.057416,0.029557,0.109353,3603
P4,34,232,2,3335,0.12782,0.944444,0.225166,0.126866,0.064391,3603
Total,48,1383,24,12957,0.033543,0.666667,0.063872,0.03299,0.095962,14412
