Property,TP,FP,FN,TN,Precision,Recall,F1,IoU,FP_pct,Denom
P1,0,99,6,3498,0.0,0.0,0.0,0.0,0.027477,3603
P2,2,617,16,2968,0.003231,0.111111,0.006279,0.00315,0.171246,3603
P3,12,349,0,3242,0.033241,1.0,0.064343,0.033241,0.096864,3603
P4,34,157,2,3410,0.17801,0.944444,0.299559,0.176166,0.043575,3603
Total,48,1222,24,13118,0.037795,0.666667,0.071535,0.037094,0.08479,14412
