Property,TP,FP,FN,TN,Precision,Recall,F1,IoU,FP_pct,Denom
P1,0,94,6,3503,0.0,0.0,0.0,0.0,0.026089,3603
P2,2,503,16,3082,0.00396,0.111111,0.007648,0.003839,0.139606,3603
P3,11,266,1,3325,0.039711,0.916667,0.076125,0.039568,0.073827,3603
P4,34,79,2,3488,0.300885,0.944444,0.456376,0.295652,0.021926,3603
Total,47,942,25,13398,0.047523,0.652778,0.088596,0.046351,0.065362,14412
