Property,TP,FP,FN,TN,Precision,Recall,F1,IoU
P1,0,111,6,3486,0.0,0.0,0.0,0.0
P2,2,682,16,2903,0.002924,0.111111,0.005698,0.002857
P3,12,448,0,3143,0.026087,1.0,0.050847,0.026087
P4,35,353,1,3214,0.090206,0.972222,0.165094,0.089974
Total,49,1594,23,12746,0.029823,0.680556,0.057143,0.029412
