Property,TP,FP,FN,TN,Precision,Recall,F1,IoU
P1,0,103,6,3494,0.0,0.0,0.0,0.0
P2,2,654,16,2931,0.003049,0.111111,0.005935,0.002976
P3,12,394,0,3197,0.029557,1.0,0.057416,0.029557
P4,34,232,2,3335,0.12782,0.944444,0.225166,0.126866
Total,48,1383,24,12957,0.033543,0.666667,0.063872,0.03299
