Property,TP,FP,FN,TN,Precision,Recall,F1,IoU
P1,0,80,6,3517,0.0,0.0,0.0,0.0
P2,1,345,17,3240,0.0029,0.0556,0.0055,0.0028
P3,11,99,1,3492,0.1,0.9167,0.1803,0.0991
P4,35,18,1,3549,0.6604,0.9722,0.7865,0.6481
Total,47,542,25,13798,0.079796,0.652778,0.142209,0.076547
