Property,TP,FP,FN,TN,Precision,Recall,F1,IoU
P1,2,880,4,2717,0.0023,0.3333,0.0045,0.0023
P2,9,1930,9,1655,0.0046,0.5,0.0092,0.0046
P3,7,92,5,3499,0.0707,0.5833,0.1261,0.0673
P4,18,20,18,3547,0.4737,0.5,0.4865,0.3214
Total,36,2922,36,11418,0.01217,0.5,0.023762,0.012024
