Property,TP,FP,FN,TN,Precision,Recall,F1,IoU
P1,0,86,6,3511,0.0,0.0,0.0,0.0
P2,1,331,17,3254,0.003,0.0556,0.0057,0.0029
P3,10,84,2,3507,0.1064,0.8333,0.1887,0.1042
P4,35,15,1,3552,0.7,0.9722,0.814,0.6863
Total,46,516,26,13824,0.081851,0.638889,0.14511,0.078231
