Property,TP,FP,FN,TN,Precision,Recall,F1,IoU,FP_pct,Denom
P1,2,851,4,2746,0.002345,0.333333,0.004657,0.002334,0.236192,3603
P2,9,1952,9,1633,0.004589,0.5,0.009096,0.004569,0.541771,3603
P3,5,368,7,3223,0.013405,0.416667,0.025974,0.013158,0.102137,3603
P4,14,10,22,3557,0.583333,0.388889,0.466667,0.304348,0.002775,3603
Total,30,3181,42,11159,0.009343,0.416667,0.018276,0.009222,0.220719,14412
