Property,TP,FP,FN,TN,Precision,Recall,F1,IoU,FP_pct,Denom
P1,3,944,3,2653,0.003168,0.5,0.006296,0.003158,0.262004,3603
P2,9,2158,9,1427,0.004153,0.5,0.008238,0.004136,0.598945,3603
P3,9,796,3,2795,0.01118,0.75,0.022032,0.011139,0.220927,3603
P4,14,10,22,3557,0.583333,0.388889,0.466667,0.304348,0.002775,3603
Total,35,3908,37,10432,0.008876,0.486111,0.017435,0.008794,0.271163,14412
