Property,TP,FP,FN,TN,Precision,Recall,F1,IoU
P1,3,944,3,2653,0.003168,0.5,0.006296,0.003158
P2,6,1648,12,1937,0.003628,0.333333,0.007177,0.003601
P3,9,796,3,2795,0.01118,0.75,0.022032,0.011139
P4,14,10,22,3557,0.583333,0.388889,0.466667,0.304348
Total,32,3398,40,10942,0.009329,0.444444,0.018275,0.009222
