Property,TP,FP,FN,TN,Precision,Recall,F1,IoU
P1,3,991,3,2606,0.003018,0.5,0.006,0.003009
P2,7,1728,11,1857,0.004035,0.388889,0.007986,0.004009
P3,10,1083,2,2508,0.009149,0.833333,0.0181,0.009132
P4,14,10,22,3557,0.583333,0.388889,0.466667,0.304348
Total,34,3812,38,10528,0.00884,0.472222,0.017356,0.008754
