Property,TP,FP,FN,TN,Precision,Recall,F1,IoU
P1,3,991,3,2606,0.003018,0.5,0.006,0.003009
P2,9,2314,9,1271,0.003874,0.5,0.007689,0.003859
P3,12,1657,0,1934,0.00719,1.0,0.014277,0.00719
P4,30,1247,6,2320,0.023493,0.833333,0.045697,0.023383
Total,54,6209,18,8131,0.008622,0.75,0.017048,0.008597
