Property,TP,FP,FN,TN,Precision,Recall,F1,IoU,FP_pct,Denom
P1,3,991,3,2606,0.003018,0.5,0.006,0.003009,0.275049,3603
P2,12,2359,6,1226,0.005061,0.666667,0.010046,0.005048,0.654732,3603
P3,10,1083,2,2508,0.009149,0.833333,0.0181,0.009132,0.300583,3603
P4,14,10,22,3557,0.583333,0.388889,0.466667,0.304348,0.002775,3603
Total,39,4443,33,9897,0.008701,0.541667,0.017128,0.008638,0.308285,14412
