Property,TP,FP,FN,TN,Precision,Recall,F1,IoU,FP_pct,Denom
P1,3,991,3,2606,0.003018,0.5,0.006,0.003009,0.275049,3603
P2,12,2568,6,1017,0.004651,0.666667,0.009238,0.00464,0.712739,3603
P3,12,1657,0,1934,0.00719,1.0,0.014277,0.00719,0.459895,3603
P4,30,1247,6,2320,0.023493,0.833333,0.045697,0.023383,0.3461,3603
Total,57,6463,15,7877,0.008742,0.791667,0.017294,0.008722,0.448446,14412
