Property,TP,FP,FN,TN,Precision,Recall,F1,IoU
P1,1,329,5,3268,0.003,0.1667,0.006,0.003
P2,0,443,18,3142,0.0,0.0,0.0,0.0
P3,11,104,1,3487,0.0957,0.9167,0.1732,0.0948
P4,29,14,7,3553,0.6744,0.8056,0.7342,0.58
Total,41,890,31,13450,0.044039,0.569444,0.081755,0.04262
