Property,TP,FP,FN,TN,Precision,Recall,F1,IoU
P1,1,329,5,3268,0.00303,0.166667,0.005952,0.002985
P2,0,443,18,3142,0.0,0.0,0.0,0.0
P3,11,26,1,3565,0.297297,0.916667,0.44898,0.289474
P4,29,1,7,3566,0.966667,0.805556,0.878788,0.783784
Total,41,799,31,13541,0.04881,0.569444,0.089912,0.047072
