Property,TP,FP,FN,TN,Precision,Recall,F1,IoU
P1,1,324,5,3273,0.0031,0.1667,0.006,0.003
P2,1,786,17,2799,0.0013,0.0556,0.0025,0.0012
P3,10,114,2,3477,0.0806,0.8333,0.1471,0.0794
P4,28,18,8,3549,0.6087,0.7778,0.6829,0.5185
Total,40,1242,32,13098,0.031201,0.555556,0.059084,0.030441
