Property,TP,FP,FN,TN,Precision,Recall,F1,IoU,FP_pct,Denom
P1,1,324,5,3273,0.003077,0.166667,0.006042,0.00303,0.089925,3603
P2,1,786,17,2799,0.001271,0.055556,0.002484,0.001244,0.218152,3603
P3,10,24,2,3567,0.294118,0.833333,0.434783,0.277778,0.006661,3603
P4,28,4,8,3563,0.875,0.777778,0.823529,0.7,0.00111,3603
Total,40,1138,32,13202,0.033956,0.555556,0.064,0.033058,0.078962,14412
